kind,split,model_a,model_b,auc_a,auc_b,gini_a,gini_b,d_auc,delong_z,delong_p,ci_lo,ci_hi,light
standalone,dev_holdout,sub_grade_rank,,0.6368252412817691,,0.2736504825635382,,,,,,,
standalone,dev_holdout,grade_rank,,0.6306087161830507,,0.2612174323661014,,,,,,,
standalone,dev_holdout,int_rate,,0.6366307589129986,,0.27326151782599717,,,,,,,
standalone,oot1,sub_grade_rank,,0.6735563064275022,,0.3471126128550044,,,,,,,
standalone,oot1,grade_rank,,0.6656996277565862,,0.3313992555131724,,,,,,,
standalone,oot1,int_rate,,0.6735004296417982,,0.3470008592835965,,,,,,,
standalone,oot2,sub_grade_rank,,0.6830128633022385,,0.3660257266044771,,,,,,,
standalone,oot2,grade_rank,,0.6762667786436379,,0.35253355728727587,,,,,,,
standalone,oot2,int_rate,,0.6808351846263127,,0.3616703692526253,,,,,,,
vs_sub_grade,oot1,sc_indep,sub_grade_rank,0.6472547327438493,0.6735563064275022,0.2945094654876985,0.3471126128550044,-0.026301573683653046,-7.439461161484858,1.010968174084899e-13,-0.04030579385288016,-0.018468358194591444,Red
vs_sub_grade,oot1,sc_full,sub_grade_rank,0.6764841919231404,0.6735563064275022,0.3529683838462807,0.3471126128550044,0.0029278854956380496,1.1335368780921307,0.2569888635864802,-0.006280743869225846,0.010188548239773276,Amber
incremental_over_sub_grade,oot1,sc_indep+sub_grade,sub_grade_rank,0.6718368376468422,0.6735563064275022,0.3436736752936844,0.3471126128550044,-0.001719468780660205,-0.6790508129346108,0.4971056666052619,-0.0115217398574305,0.0036174819660669015,Info
challenger_vs_champion,oot1,sc_indep,sc_full,0.6472547327438493,0.6764841919231404,0.2945094654876985,0.3529683838462807,-0.029229459179291095,-18.391477248404037,1.5373354382859732e-75,-0.036010746233524064,-0.026227933722213912,Info
challenger_vs_champion,oot1,xgb,sc_full,0.6876081511120767,0.6764841919231404,0.3752163022241535,0.3529683838462807,0.011123959188936383,7.315698935689434,2.5604514412532404e-13,0.006275117647405243,0.01552340353833572,Info
challenger_vs_champion,oot1,lgbm,sc_full,0.6831920236551738,0.6764841919231404,0.3663840473103477,0.3529683838462807,0.006707831732033487,4.975031571912089,6.523700639519203e-07,0.0038301090727363416,0.011935692534282245,Info
challenger_vs_champion,oot1,repro_original,sc_full,0.6877321444828342,0.6764841919231404,0.3754642889656683,0.3529683838462807,0.011247952559693797,5.712669301237391,1.1121767791431874e-08,0.008833939354070026,0.02172751544849583,Info
vs_sub_grade,oot2,sc_indep,sub_grade_rank,0.6329137689157067,0.6830128633022385,0.26582753783141344,0.3660257266044771,-0.05009909438653182,-18.378792935500968,1.942429265308435e-75,-0.05901553936216366,-0.03709958031446437,Red
vs_sub_grade,oot2,sc_full,sub_grade_rank,0.6727797409760926,0.6830128633022385,0.3455594819521852,0.3660257266044771,-0.010233122326145927,-5.037126685402901,4.72572025058278e-07,-0.016773424030128048,-0.001275662196946223,Red
incremental_over_sub_grade,oot2,sc_indep+sub_grade,sub_grade_rank,0.6669155334563612,0.6830128633022385,0.33383106691272246,0.3660257266044771,-0.016097329845877306,-8.301082217445083,1.0316726438467965e-16,-0.02257561288771451,-0.007144576792906289,Info
challenger_vs_champion,oot2,sc_indep,sc_full,0.6329137689157067,0.6727797409760926,0.26582753783141344,0.3455594819521852,-0.03986597206038589,-32.01672059302595,6.381635071269377e-225,-0.04383374735184429,-0.033744346368659,Info
challenger_vs_champion,oot2,xgb,sc_full,0.6869116040311851,0.6727797409760926,0.37382320806237024,0.3455594819521852,0.01413186305509262,12.001135550381424,3.50454831857267e-33,0.00868751905773427,0.018036684798240363,Info
challenger_vs_champion,oot2,lgbm,sc_full,0.6832648011919242,0.6727797409760926,0.36652960238384846,0.3455594819521852,0.01048506021583151,10.032634740182159,1.0955352166855377e-23,0.007416519583680082,0.015929190570741682,Info
challenger_vs_champion,oot2,sc_full_recal,sc_full,0.6727797409760926,0.6727797409760926,0.3455594819521852,0.3455594819521852,0.0,,,0.0,0.0,Info
challenger_vs_champion,oot2,repro_original,sc_full,0.6850956901651635,0.6727797409760926,0.37019138033032695,0.3455594819521852,0.012315949189070863,7.689531367107501,1.4767492858811458e-14,0.005349929739675216,0.018338671985924777,Info
