model,variable,bin,lo,hi,categories,n,bads,bad_rate,woe,iv_contrib,bin_id
sc_full,sub_grade,A1,,,A1,2213.0,28.0,0.012652507907817443,1.3480555516756012,0.030730622900965638,0
sc_full,sub_grade,A2|A3,,,A2|A3,5384.0,97.0,0.01801634472511144,1.0016081699975687,0.04721558943021905,1
sc_full,sub_grade,A4|A5,,,A4|A5,9184.0,226.0,0.02460801393728223,0.685972860963701,0.04298384565935157,2
sc_full,sub_grade,B1|B2|B3,,,B1|B2|B3,14338.0,495.0,0.0345236434649184,0.3383634582505353,0.01894694643962971,3
sc_full,sub_grade,B4|B5|C1,,,B4|B5|C1,14609.0,653.0,0.04469847354370594,0.06971782013195167,0.0009233032248450599,4
sc_full,sub_grade,C2|G4,,,C2|G4,4330.0,234.0,0.05404157043879908,-0.13120763365762766,0.001061855288219504,5
sc_full,sub_grade,C3|C4|D2,,,C3|C4|D2,7479.0,487.0,0.06511565717341891,-0.32833714071494996,0.012573331591998629,6
sc_full,sub_grade,C5|D1|D3|D4|D5|E1|E2,,,C5|D1|D3|D4|D5|E1|E2,12208.0,888.0,0.0727391874180865,-0.44680440255483633,0.040147699423886914,7
sc_full,sub_grade,E3|E4,,,E3|E4,1748.0,140.0,0.08009153318077804,-0.5537904174478825,0.00928608871290714,8
sc_full,sub_grade,E5|F1|F2|F3|F4|F5|G1|G2|G3|G5,,,E5|F1|F2|F3|F4|F5|G1|G2|G3|G5,3029.0,310.0,0.10234400792340706,-0.8216208578636809,0.0401165551455073,9
sc_full,sub_grade,Missing,,,,0.0,0.0,,0.0,0.0,10
sc_full,home_ownership,MORTGAGE,,,MORTGAGE,34125.0,1391.0,0.04076190476190476,0.16547350772984282,0.011640687939527465,0
sc_full,home_ownership,OTHER|RENT,,,OTHER|RENT,34606.0,1850.0,0.053458937756458415,-0.11892821506496207,0.0069326755020336665,1
sc_full,home_ownership,OWN,,,OWN,5791.0,317.0,0.054740113969953375,-0.14519534991064267,0.001750301225985236,2
sc_full,home_ownership,Missing,,,,0.0,0.0,,0.0,0.0,3
sc_full,annual_inc,<= 33000,-inf,33000.0,,9299.0,613.0,0.06592106678137434,-0.341561775167828,0.017021547606016055,0
sc_full,annual_inc,"(33000, 40000]",33000.0,40000.0,,7981.0,464.0,0.05813807793509585,-0.2078795297420249,0.00508810996108439,1
sc_full,annual_inc,"(40000, 52000]",40000.0,52000.0,,13304.0,680.0,0.05111244738424534,-0.07134005904342948,0.000938430119386904,2
sc_full,annual_inc,"(52000, 60000]",52000.0,60000.0,,8832.0,432.0,0.04891304347826087,-0.02544270585329275,7.760785695889609e-05,3
sc_full,annual_inc,"(60000, 77000]",60000.0,77000.0,,12783.0,595.0,0.04654619416412423,0.02693988807596103,0.0001229822629742168,4
sc_full,annual_inc,"(77000, 95000]",77000.0,95000.0,,9353.0,367.0,0.03923874692611996,0.20484852518838215,0.004804746537655392,5
sc_full,annual_inc,"(95000, 122500]",95000.0,122500.0,,7009.0,220.0,0.03138821515194749,0.43532799890113283,0.014699482997882065,6
sc_full,annual_inc,> 122500,122500.0,inf,,5961.0,187.0,0.03137057540681094,0.4355212197938608,0.012511954891687358,7
sc_full,annual_inc,Missing,,,,0.0,0.0,,0.0,0.0,8
sc_full,purpose,car,,,car,1963.0,56.0,0.028527763627101375,0.527401238655401,0.005810081992320593,0
sc_full,purpose,credit_card,,,credit_card,12355.0,393.0,0.031808984216916227,0.4225440815529359,0.024545687912727134,1
sc_full,purpose,major_purchase,,,major_purchase,2850.0,100.0,0.03508771929824561,0.3174733784655665,0.0033469371474896155,2
sc_full,purpose,home_improvement,,,home_improvement,4724.0,169.0,0.03577476714648603,0.2993307599825922,0.004970470151023015,3
sc_full,purpose,debt_consolidation|wedding,,,debt_consolidation|wedding,40968.0,1978.0,0.04828158562780707,-0.01092784148090159,6.596903372023753e-05,4
sc_full,purpose,medical|vacation,,,medical|vacation,1625.0,98.0,0.060307692307692305,-0.2505757434831087,0.0015358334982245527,5
sc_full,purpose,educational|house|moving|other|renewable_energy,,,educational|house|moving|other|renewable_energy,7457.0,495.0,0.06638058200348666,-0.3491803558853191,0.014316270747951068,6
sc_full,purpose,small_business,,,small_business,2580.0,269.0,0.10426356589147287,-0.8428233332715875,0.036316181814953774,7
sc_full,purpose,Missing,,,,0.0,0.0,,0.0,0.0,8
sc_full,addr_state,DC|IL|WY,,,DC|IL|WY,3353.0,104.0,0.03101699970175962,0.4454290705763749,0.00733104110689142,0
sc_full,addr_state,AK|NH|NM|VA|WV,,,AK|NH|NM|VA|WV,3743.0,124.0,0.033128506545551696,0.3781451824752707,0.0060725113928240945,1
sc_full,addr_state,AR|LA|MA|SD,,,AR|LA|MA|SD,3725.0,143.0,0.038389261744966444,0.225840849149488,0.0023046466576243973,2
sc_full,addr_state,AL|CO|KS|TX|VT,,,AL|CO|KS|TX|VT,8671.0,355.0,0.040941067927574674,0.1608312476341311,0.0027999912800350316,3
sc_full,addr_state,CT|MT|NY,,,CT|MT|NY,8650.0,385.0,0.04450867052023121,0.07366403613651967,0.0006092754974302025,4
sc_full,addr_state,GA|HI|MD|MI|MN|MO|OH|WI,,,GA|HI|MD|MI|MN|MO|OH|WI,11654.0,559.0,0.04796636348035009,-0.004388903409110817,3.0181694915335187e-06,5
sc_full,addr_state,IN|KY|NC|OK|PA|RI,,,IN|KY|NC|OK|PA|RI,6118.0,314.0,0.05132396207911082,-0.07623559371556769,0.0004939366097159005,6
sc_full,addr_state,AZ|CA|NJ|OR,,,AZ|CA|NJ|OR,18814.0,1008.0,0.053577123418730735,-0.12054079458573112,0.003874502789518178,7
sc_full,addr_state,FL|SC,,,FL|SC,6324.0,354.0,0.055977229601518026,-0.1677626663519059,0.0025779294387461276,8
sc_full,addr_state,DE|IA|ID|ME|MS|NE|NV|TN|UT|WA,,,DE|IA|ID|ME|MS|NE|NV|TN|UT|WA,3470.0,212.0,0.06109510086455332,-0.2615600179451995,0.003590261433242544,9
sc_full,addr_state,Missing,,,,0.0,0.0,,0.0,0.0,10
sc_full,dti,<= 8.46,-inf,8.460000038146973,,14933.0,603.0,0.040380365633161455,0.17522579554571927,0.005687306663911203,0
sc_full,dti,"(8.46, 11.73]",8.460000038146973,11.729999542236328,,10407.0,434.0,0.041702700105698084,0.14131733383965592,0.0026173190517178903,1
sc_full,dti,"(11.73, 16.35]",11.729999542236328,16.350000381469727,,16414.0,714.0,0.04349945168758377,0.09769126462760962,0.0020115359307055105,2
sc_full,dti,"(16.35, 20.29]",16.350000381469727,20.290000915527344,,13401.0,695.0,0.051861801358107605,-0.0869356347892989,0.001413773187993134,3
sc_full,dti,"(20.29, 24.64]",20.290000915527344,24.639999389648438,,11920.0,649.0,0.054446308724832214,-0.13834371718198354,0.0032601034604322248,4
sc_full,dti,> 24.64,24.639999389648438,inf,,7447.0,463.0,0.06217268698804888,-0.27953127380382076,0.008872625621639128,5
sc_full,dti,Missing,,,,0.0,0.0,,0.0,0.0,6
sc_full,inq_last_6mths,<= 0,-inf,0.0,,36404.0,1287.0,0.03535325788374904,0.3135568839256419,0.04176337601461859,0
sc_full,inq_last_6mths,"(0, 1]",0.0,1.0,,20868.0,1096.0,0.052520605712095075,-0.10027154970590221,0.0029466077493789235,1
sc_full,inq_last_6mths,"(1, 2]",1.0,2.0,,10869.0,675.0,0.06210322936792713,-0.2782898634847565,0.01282746298130171,2
sc_full,inq_last_6mths,> 2,2.0,inf,,6381.0,500.0,0.07835762419683436,-0.528480832596311,0.03049977647224242,3
sc_full,inq_last_6mths,Missing,,,,0.0,0.0,,0.0,0.0,4
sc_full,revol_util,<= 14.6,-inf,14.600000381469727,,7486.0,274.0,0.03660165642532728,0.27657942853850015,0.006791895152822221,0
sc_full,revol_util,"(14.6, 31]",14.600000381469727,31.0,,8944.0,336.0,0.03756708407871199,0.24986699580347493,0.006701268574593,1
sc_full,revol_util,"(31, 65.8]",31.0,65.80000305175781,,29772.0,1319.0,0.04430337229611716,0.07897807756323899,0.0024046523634685614,2
sc_full,revol_util,"(65.8, 71.8]",65.80000305175781,71.80000305175781,,5919.0,288.0,0.048656867714140906,-0.020604191788672576,3.4037493784783e-05,3
sc_full,revol_util,"(71.8, 91.8]",71.80000305175781,91.80000305175781,,17923.0,992.0,0.05534787702951515,-0.1553361625690592,0.006227997632157908,4
sc_full,revol_util,> 91.8,91.80000305175781,inf,,4396.0,335.0,0.07620564149226569,-0.4983545352489974,0.018424894194353114,5
sc_full,revol_util,Missing,,,,82.0,14.0,0.17073170731707318,-1.4393551254866186,0.004470763253350677,6
sc_full,loan_to_inc,<= 0.0666667,-inf,0.06666667014360428,,7551.0,282.0,0.03734604688120779,0.2558573554341687,0.00591647475619682,0
sc_full,loan_to_inc,"(0.0666667, 0.120673]",0.06666667014360428,0.12067300826311111,,13315.0,526.0,0.03950431843785205,0.19822158284245067,0.0064233322368744215,1
sc_full,loan_to_inc,"(0.120673, 0.1557]",0.12067300826311111,0.1557001769542694,,8943.0,365.0,0.0408140445040814,0.16384118648283158,0.0029929740058399126,2
sc_full,loan_to_inc,"(0.1557, 0.192308]",0.1557001769542694,0.19230769574642181,,8962.0,391.0,0.04362865431823254,0.09430562366586212,0.001025066787614448,3
sc_full,loan_to_inc,"(0.192308, 0.257143]",0.19230769574642181,0.2571428716182709,,13411.0,613.0,0.045708746551338456,0.045996105038934844,0.00037289707479502306,4
sc_full,loan_to_inc,"(0.257143, 0.318182]",0.2571428716182709,0.3181818127632141,,8937.0,449.0,0.05024057289918317,-0.053575155011802614,0.0003526800510071865,5
sc_full,loan_to_inc,"(0.318182, 0.373333]",0.3181818127632141,0.3733333349227905,,5952.0,380.0,0.06384408602150538,-0.3077939983925325,0.008710787066053206,6
sc_full,loan_to_inc,> 0.373333,0.3733333349227905,inf,,7451.0,552.0,0.07408401556838008,-0.4671560955511147,0.02704348665892452,7
sc_full,loan_to_inc,Missing,,,,0.0,0.0,,0.0,0.0,8
sc_indep,term_m,<= 36,-inf,36.0,,57994.0,2505.0,0.04319412353002035,0.10499830702385982,0.008183339787768721,0
sc_indep,term_m,> 36,36.0,inf,,16528.0,1053.0,0.06371006776379477,-0.305567017258869,0.023815229035988983,1
sc_indep,term_m,Missing,,,,0.0,0.0,,0.0,0.0,2
sc_indep,home_ownership,MORTGAGE,,,MORTGAGE,34125.0,1391.0,0.04076190476190476,0.16547350772984282,0.011640687939527465,0
sc_indep,home_ownership,OTHER|RENT,,,OTHER|RENT,34606.0,1850.0,0.053458937756458415,-0.11892821506496207,0.0069326755020336665,1
sc_indep,home_ownership,OWN,,,OWN,5791.0,317.0,0.054740113969953375,-0.14519534991064267,0.001750301225985236,2
sc_indep,home_ownership,Missing,,,,0.0,0.0,,0.0,0.0,3
sc_indep,annual_inc,<= 33000,-inf,33000.0,,9299.0,613.0,0.06592106678137434,-0.341561775167828,0.017021547606016055,0
sc_indep,annual_inc,"(33000, 40000]",33000.0,40000.0,,7981.0,464.0,0.05813807793509585,-0.2078795297420249,0.00508810996108439,1
sc_indep,annual_inc,"(40000, 52000]",40000.0,52000.0,,13304.0,680.0,0.05111244738424534,-0.07134005904342948,0.000938430119386904,2
sc_indep,annual_inc,"(52000, 60000]",52000.0,60000.0,,8832.0,432.0,0.04891304347826087,-0.02544270585329275,7.760785695889609e-05,3
sc_indep,annual_inc,"(60000, 77000]",60000.0,77000.0,,12783.0,595.0,0.04654619416412423,0.02693988807596103,0.0001229822629742168,4
sc_indep,annual_inc,"(77000, 95000]",77000.0,95000.0,,9353.0,367.0,0.03923874692611996,0.20484852518838215,0.004804746537655392,5
sc_indep,annual_inc,"(95000, 122500]",95000.0,122500.0,,7009.0,220.0,0.03138821515194749,0.43532799890113283,0.014699482997882065,6
sc_indep,annual_inc,> 122500,122500.0,inf,,5961.0,187.0,0.03137057540681094,0.4355212197938608,0.012511954891687358,7
sc_indep,annual_inc,Missing,,,,0.0,0.0,,0.0,0.0,8
sc_indep,purpose,car,,,car,1963.0,56.0,0.028527763627101375,0.527401238655401,0.005810081992320593,0
sc_indep,purpose,credit_card,,,credit_card,12355.0,393.0,0.031808984216916227,0.4225440815529359,0.024545687912727134,1
sc_indep,purpose,major_purchase,,,major_purchase,2850.0,100.0,0.03508771929824561,0.3174733784655665,0.0033469371474896155,2
sc_indep,purpose,home_improvement,,,home_improvement,4724.0,169.0,0.03577476714648603,0.2993307599825922,0.004970470151023015,3
sc_indep,purpose,debt_consolidation|wedding,,,debt_consolidation|wedding,40968.0,1978.0,0.04828158562780707,-0.01092784148090159,6.596903372023753e-05,4
sc_indep,purpose,medical|vacation,,,medical|vacation,1625.0,98.0,0.060307692307692305,-0.2505757434831087,0.0015358334982245527,5
sc_indep,purpose,educational|house|moving|other|renewable_energy,,,educational|house|moving|other|renewable_energy,7457.0,495.0,0.06638058200348666,-0.3491803558853191,0.014316270747951068,6
sc_indep,purpose,small_business,,,small_business,2580.0,269.0,0.10426356589147287,-0.8428233332715875,0.036316181814953774,7
sc_indep,purpose,Missing,,,,0.0,0.0,,0.0,0.0,8
sc_indep,addr_state,DC|IL|WY,,,DC|IL|WY,3353.0,104.0,0.03101699970175962,0.4454290705763749,0.00733104110689142,0
sc_indep,addr_state,AK|NH|NM|VA|WV,,,AK|NH|NM|VA|WV,3743.0,124.0,0.033128506545551696,0.3781451824752707,0.0060725113928240945,1
sc_indep,addr_state,AR|LA|MA|SD,,,AR|LA|MA|SD,3725.0,143.0,0.038389261744966444,0.225840849149488,0.0023046466576243973,2
sc_indep,addr_state,AL|CO|KS|TX|VT,,,AL|CO|KS|TX|VT,8671.0,355.0,0.040941067927574674,0.1608312476341311,0.0027999912800350316,3
sc_indep,addr_state,CT|MT|NY,,,CT|MT|NY,8650.0,385.0,0.04450867052023121,0.07366403613651967,0.0006092754974302025,4
sc_indep,addr_state,GA|HI|MD|MI|MN|MO|OH|WI,,,GA|HI|MD|MI|MN|MO|OH|WI,11654.0,559.0,0.04796636348035009,-0.004388903409110817,3.0181694915335187e-06,5
sc_indep,addr_state,IN|KY|NC|OK|PA|RI,,,IN|KY|NC|OK|PA|RI,6118.0,314.0,0.05132396207911082,-0.07623559371556769,0.0004939366097159005,6
sc_indep,addr_state,AZ|CA|NJ|OR,,,AZ|CA|NJ|OR,18814.0,1008.0,0.053577123418730735,-0.12054079458573112,0.003874502789518178,7
sc_indep,addr_state,FL|SC,,,FL|SC,6324.0,354.0,0.055977229601518026,-0.1677626663519059,0.0025779294387461276,8
sc_indep,addr_state,DE|IA|ID|ME|MS|NE|NV|TN|UT|WA,,,DE|IA|ID|ME|MS|NE|NV|TN|UT|WA,3470.0,212.0,0.06109510086455332,-0.2615600179451995,0.003590261433242544,9
sc_indep,addr_state,Missing,,,,0.0,0.0,,0.0,0.0,10
sc_indep,dti,<= 8.46,-inf,8.460000038146973,,14933.0,603.0,0.040380365633161455,0.17522579554571927,0.005687306663911203,0
sc_indep,dti,"(8.46, 11.73]",8.460000038146973,11.729999542236328,,10407.0,434.0,0.041702700105698084,0.14131733383965592,0.0026173190517178903,1
sc_indep,dti,"(11.73, 16.35]",11.729999542236328,16.350000381469727,,16414.0,714.0,0.04349945168758377,0.09769126462760962,0.0020115359307055105,2
sc_indep,dti,"(16.35, 20.29]",16.350000381469727,20.290000915527344,,13401.0,695.0,0.051861801358107605,-0.0869356347892989,0.001413773187993134,3
sc_indep,dti,"(20.29, 24.64]",20.290000915527344,24.639999389648438,,11920.0,649.0,0.054446308724832214,-0.13834371718198354,0.0032601034604322248,4
sc_indep,dti,> 24.64,24.639999389648438,inf,,7447.0,463.0,0.06217268698804888,-0.27953127380382076,0.008872625621639128,5
sc_indep,dti,Missing,,,,0.0,0.0,,0.0,0.0,6
sc_indep,inq_last_6mths,<= 0,-inf,0.0,,36404.0,1287.0,0.03535325788374904,0.3135568839256419,0.04176337601461859,0
sc_indep,inq_last_6mths,"(0, 1]",0.0,1.0,,20868.0,1096.0,0.052520605712095075,-0.10027154970590221,0.0029466077493789235,1
sc_indep,inq_last_6mths,"(1, 2]",1.0,2.0,,10869.0,675.0,0.06210322936792713,-0.2782898634847565,0.01282746298130171,2
sc_indep,inq_last_6mths,> 2,2.0,inf,,6381.0,500.0,0.07835762419683436,-0.528480832596311,0.03049977647224242,3
sc_indep,inq_last_6mths,Missing,,,,0.0,0.0,,0.0,0.0,4
sc_indep,revol_util,<= 14.6,-inf,14.600000381469727,,7486.0,274.0,0.03660165642532728,0.27657942853850015,0.006791895152822221,0
sc_indep,revol_util,"(14.6, 31]",14.600000381469727,31.0,,8944.0,336.0,0.03756708407871199,0.24986699580347493,0.006701268574593,1
sc_indep,revol_util,"(31, 65.8]",31.0,65.80000305175781,,29772.0,1319.0,0.04430337229611716,0.07897807756323899,0.0024046523634685614,2
sc_indep,revol_util,"(65.8, 71.8]",65.80000305175781,71.80000305175781,,5919.0,288.0,0.048656867714140906,-0.020604191788672576,3.4037493784783e-05,3
sc_indep,revol_util,"(71.8, 91.8]",71.80000305175781,91.80000305175781,,17923.0,992.0,0.05534787702951515,-0.1553361625690592,0.006227997632157908,4
sc_indep,revol_util,> 91.8,91.80000305175781,inf,,4396.0,335.0,0.07620564149226569,-0.4983545352489974,0.018424894194353114,5
sc_indep,revol_util,Missing,,,,82.0,14.0,0.17073170731707318,-1.4393551254866186,0.004470763253350677,6
sc_indep,loan_to_inc,<= 0.0666667,-inf,0.06666667014360428,,7551.0,282.0,0.03734604688120779,0.2558573554341687,0.00591647475619682,0
sc_indep,loan_to_inc,"(0.0666667, 0.120673]",0.06666667014360428,0.12067300826311111,,13315.0,526.0,0.03950431843785205,0.19822158284245067,0.0064233322368744215,1
sc_indep,loan_to_inc,"(0.120673, 0.1557]",0.12067300826311111,0.1557001769542694,,8943.0,365.0,0.0408140445040814,0.16384118648283158,0.0029929740058399126,2
sc_indep,loan_to_inc,"(0.1557, 0.192308]",0.1557001769542694,0.19230769574642181,,8962.0,391.0,0.04362865431823254,0.09430562366586212,0.001025066787614448,3
sc_indep,loan_to_inc,"(0.192308, 0.257143]",0.19230769574642181,0.2571428716182709,,13411.0,613.0,0.045708746551338456,0.045996105038934844,0.00037289707479502306,4
sc_indep,loan_to_inc,"(0.257143, 0.318182]",0.2571428716182709,0.3181818127632141,,8937.0,449.0,0.05024057289918317,-0.053575155011802614,0.0003526800510071865,5
sc_indep,loan_to_inc,"(0.318182, 0.373333]",0.3181818127632141,0.3733333349227905,,5952.0,380.0,0.06384408602150538,-0.3077939983925325,0.008710787066053206,6
sc_indep,loan_to_inc,> 0.373333,0.3733333349227905,inf,,7451.0,552.0,0.07408401556838008,-0.4671560955511147,0.02704348665892452,7
sc_indep,loan_to_inc,Missing,,,,0.0,0.0,,0.0,0.0,8
