model,vintage,n,bad_rate,mean_pd,auc,gini
sc_full,2007,251,0.043824701195219126,0.05714117577682232,0.803409090909091,0.6068181818181819
sc_full,2008,1562,0.051856594110115235,0.051007067844326896,0.6967806203682864,0.3935612407365727
sc_full,2009,4716,0.052374893977947416,0.051425827568976325,0.672274499181496,0.3445489983629919
sc_full,2010,11536,0.03952843273231623,0.04736484843582904,0.7133955997846602,0.4267911995693203
sc_full,2011,21721,0.04557801206205976,0.04694747424069732,0.7160915507883816,0.4321831015767632
sc_full,2012,53367,0.04988101261078944,0.04764056220214535,0.6757517759915767,0.3515035519831533
sc_full,2013,134755,0.042484508923602095,0.04905062351199375,0.6764841919231404,0.3529683838462807
sc_full,2014,225321,0.04655136449776097,0.049524114658514876,0.6727797409760926,0.3455594819521852
sc_indep,2007,251,0.043824701195219126,0.04890152565847262,0.7681818181818182,0.5363636363636364
sc_indep,2008,1562,0.051856594110115235,0.046140807189045355,0.6736230941722726,0.34724618834454524
sc_indep,2009,4716,0.052374893977947416,0.04665370469223325,0.6517924197553456,0.30358483951069126
sc_indep,2010,11536,0.03952843273231623,0.04722356515440292,0.68406158955602,0.36812317911204007
sc_indep,2011,21721,0.04557801206205976,0.048748391754088204,0.6997406899051779,0.3994813798103558
sc_indep,2012,53367,0.04988101261078944,0.04754231239342549,0.6572371892899153,0.3144743785798305
sc_indep,2013,134755,0.042484508923602095,0.04494929122341886,0.6472547327438493,0.2945094654876985
sc_indep,2014,225321,0.04655136449776097,0.044924567659988104,0.6329137689157067,0.26582753783141344
xgb,2007,251,0.043824701195219126,0.04157054491365671,0.8049242424242424,0.6098484848484849
xgb,2008,1562,0.051856594110115235,0.04175039202997662,0.6948008102633356,0.38960162052667124
xgb,2009,4716,0.052374893977947416,0.04994991024336224,0.6969315382712941,0.3938630765425881
xgb,2010,11536,0.03952843273231623,0.04364168017091347,0.7430226344290328,0.48604526885806565
xgb,2011,21721,0.04557801206205976,0.04585388121964325,0.7340600301407788,0.4681200602815576
xgb,2012,53367,0.04988101261078944,0.04953242975461702,0.6999243425032363,0.39984868500647264
xgb,2013,134755,0.042484508923602095,0.05183141878752565,0.6876081511120767,0.3752163022241535
xgb,2014,225321,0.04655136449776097,0.049014038084848284,0.6869116040311851,0.37382320806237024
lgbm,2007,251,0.043824701195219126,0.04471937324485951,0.8837121212121212,0.7674242424242423
lgbm,2008,1562,0.051856594110115235,0.045279741446867215,0.7454255966522453,0.49085119330449056
lgbm,2009,4716,0.052374893977947416,0.05189429017730575,0.7518949705709961,0.5037899411419922
lgbm,2010,11536,0.03952843273231623,0.04512268795353823,0.7760424583570841,0.5520849167141682
lgbm,2011,21721,0.04557801206205976,0.04641883457230182,0.766654680517977,0.533309361035954
lgbm,2012,53367,0.04988101261078944,0.04867746212468663,0.7315858491439005,0.4631716982878009
lgbm,2013,134755,0.042484508923602095,0.05060214974273343,0.6831920236551738,0.3663840473103477
lgbm,2014,225321,0.04655136449776097,0.049215719847580275,0.6832648011919242,0.36652960238384846
sc_full_recal,2014,225321,0.04655136449776097,0.042894922967026704,0.6727797409760926,0.3455594819521852
repro_original,2007,251,0.043824701195219126,0.14593568661501174,0.8102272727272727,0.6204545454545454
repro_original,2008,1562,0.051856594110115235,0.13822833771932272,0.6339727077967006,0.2679454155934011
repro_original,2009,4716,0.052374893977947416,0.14299022850759885,0.658912997591143,0.31782599518228594
repro_original,2010,11536,0.03952843273231623,0.1437483735410454,0.6926843846982076,0.3853687693964152
repro_original,2011,21721,0.04557801206205976,0.1530811934822635,0.6915900357099527,0.3831800714199054
repro_original,2012,53367,0.04988101261078944,0.14677892014440932,0.6597019922918553,0.31940398458371067
repro_original,2013,134755,0.042484508923602095,0.12661845798058266,0.6877321444828342,0.3754642889656683
repro_original,2014,225321,0.04655136449776097,0.08399017204008262,0.6850956901651635,0.37019138033032695
