bin,n,mean_pd,obs_rate,expected_bads,bads,diff
1,22533,0.01278457965465487,0.010207251586561931,288.07493335833817,230,-0.002577328068092938
2,22532,0.018907936872208514,0.01668737795135807,426.03363360460224,376,-0.0022205589208504455
3,22532,0.024992237328924267,0.021081129060891178,563.1250914953216,475,-0.003911108268033089
4,22532,0.03133449476389367,0.030534351145038167,706.0288360200522,688,-0.0008001436188555013
5,22532,0.03812606879905148,0.03750221906621694,859.0565821802279,845,-0.0006238497328345388
6,22532,0.045369991496408905,0.046467246582638025,1022.2766483970854,1047,0.0010972550862291194
7,22532,0.053571092992952166,0.05299130126042961,1207.0638673171982,1194,-0.0005797917325225527
8,22532,0.06365712335005369,0.06302148056097993,1434.3223033234096,1420,-0.0006356427890737565
9,22532,0.07901293947426828,0.07948695189064442,1780.319552234213,1791,0.0004740124163761378
10,22532,0.1244023506056361,0.10753594887271437,2803.033763846193,2423,-0.01686640173292174
