decile,n,bads,bad_rate,mean_pd,score_min,score_max,cum_bads,cum_bad_share,cum_good_share,ks_at_decile,lift,cum_lift
1,13476,1345,0.09980706441080439,0.12911051450449504,0.09470530931204113,0.4052578181918324,1345,0.2349344978165939,0.09401689529566767,0.14091760252092622,2.349257810424095,2.349257810424095
2,13475,967,0.07176252319109462,0.0817563360977287,0.07171259134286623,0.09470000909943584,2312,0.4038427947598253,0.19095559172285514,0.21288720303697017,1.6891456441250576,2.0192139737991264
3,13476,732,0.05431878895814782,0.06483232179862218,0.05868380666068815,0.07171226998583585,3044,0.531703056768559,0.28972332015810276,0.24197973661045624,1.2785551800969797,1.7723216022669788
4,13475,694,0.05150278293135436,0.05367676433860251,0.04912203679458336,0.058682423013648365,3738,0.6529257641921398,0.3887778036115632,0.26414796058057655,1.2122720548322543,1.632314410480349
5,13476,568,0.042149005639655686,0.04517762789620386,0.041494879777398394,0.049121675395960865,4306,0.7521397379912663,0.48881655428970006,0.26332318370156627,0.9921029266326291,1.504268312995534
6,13475,468,0.03473098330241187,0.038199081572499086,0.03506449706855408,0.04149459746398994,4774,0.8338864628820961,0.5896225683949469,0.24426389448714925,0.8174975816448056,1.38981077147016
7,13476,350,0.025972098545562483,0.03219709361889802,0.02931797126604544,0.03506433244132056,5124,0.8950218340611353,0.6913508486398512,0.20367098542128415,0.6113310287348948,1.2785958427303192
8,13475,282,0.02092764378478664,0.026561356336602098,0.02371541363067881,0.02931794607825337,5406,0.9442794759825327,0.7935983879717895,0.1506810880107432,0.4925946966321264,1.180349344978166
9,13476,212,0.015731671119026416,0.020749690325170232,0.017622219695028734,0.023714955761401816,5618,0.9813100436681222,0.8963961869332713,0.08491385673485097,0.37029193740513616,1.0903399978108328
10,13475,107,0.007940630797773655,0.013757812496997115,0.008128537391540791,0.01762205353358226,5725,1.0,1.0,0.0,0.18690649836750897,1.0
