term,coef,se,t,p_value
const,0.666070840909228,0.004563282968963517,145.96308084320185,0.0
loan_amnt,0.006427020279794883,0.0052288073785511,1.2291560607412944,0.21903340220686657
term_m,0.047930577627080945,0.0023572825267613624,20.332979641999934,1.2284511444462697e-90
int_rate,0.041394410926733856,0.0027673062330235013,14.958377368126397,3.273975239271364e-50
emp_years,-0.006403092672161997,0.0019743892580201144,-3.243075116090793,0.0011851659611260919
annual_inc,-0.00968780646533685,0.004312384227951377,-2.246508185087927,0.024686579515684627
dti,0.0041633305826667966,0.0022379651032382233,1.860319705898303,0.06286069701284694
delinq_2yrs,0.0018654507689312074,0.0020853697936798056,0.8945419534630675,0.3710469578808106
inq_last_6mths,0.017255266616024105,0.001995831229382547,8.64565418257454,5.9084576795919525e-18
open_acc,-0.019606222973141758,0.002842780952755972,-6.896846186525291,5.538749896983811e-12
pub_rec,-0.014220662049664353,0.003636220250530613,-3.9108362722497936,9.239951455355044e-05
revol_bal,0.002574243321714235,0.0025892880110217308,0.9941896423868433,0.3201472701054153
revol_util,-0.008752485158665297,0.0026718523924137132,-3.2758116367193577,0.0010560807584946942
total_acc,0.015683715589844733,0.0028982767785672185,5.411393316823964,6.353747421506437e-08
credit_age_m,-0.00328150604204291,0.002125272609949178,-1.5440400571112527,0.12260062308879201
loan_to_inc,-0.0024277998713407396,0.00454061501231095,-0.5346852496320997,0.5928757857223753
mths_since_last_delinq_reported,-0.03126772992103924,0.004503024561686427,-6.943717382107542,3.9828181106692335e-12
mths_since_last_record_reported,0.04695065832636233,0.013671872395219171,3.4341059489979004,0.0005961876604920651
home_ownership=MORTGAGE,-0.005887406718167683,0.00435389988043811,-1.3522145386529338,0.17632794859926365
home_ownership=OWN,-0.005840472099301848,0.007146291588478808,-0.8172731306847049,0.41378589178923214
verification_status=Not Verified,-0.017998898430746847,0.0050219881666824975,-3.584018486972429,0.0003394669106525451
verification_status=Source Verified,-0.004699111627873574,0.0050985073884619045,-0.9216641793062462,0.356719225289386
purpose=credit_card,-0.030039585407035937,0.005801532286729118,-5.177870935192561,2.274583090128768e-07
purpose=other,0.028814722074554204,0.00691215993887272,4.1687001356125295,3.081345303841004e-05
purpose=small_business,0.04349182056041486,0.008167358081320648,5.325078211017082,1.0242699899210022e-07
purpose=home_improvement,0.005670360829762403,0.008775624991962086,0.6461489449419378,0.5181932064322494
purpose=major_purchase,0.008301444748082427,0.011655328124984318,0.7122446197192408,0.47632486082509523
purpose=car,-0.046725892822121654,0.01427913619885145,-3.2723192895856035,0.0010692041536993033
purpose=medical,0.04557911784303412,0.015048115390252142,3.0288921011703116,0.0024588759241806744
purpose=wedding,0.046716296884262154,0.016211204412781198,2.88172893850072,0.003960847843997668
purpose=moving,0.02833082147154536,0.01745883475647914,1.6227212105911892,0.10467092522899757
purpose=house,0.015700319432574158,0.018641140151248483,0.8422402978136847,0.39966746178446166
