vintage,grade,n,funded,mean_pd,bad_rate,el,realized_loss,el_pct_funded,realized_pct_funded,el_to_realized,sample,status
2010,A,2801.0,22651150.0,0.021485807878067777,0.01035344519814352,259191.7408950149,157842.1748,0.011442762989738486,0.006968395635541684,1.6420943339347278,"development (in-sample PD, LGD, EAD)",
2010,ALL,11536.0,116706400.0,0.04736484843582904,0.03952843273231623,3327157.5540536973,3780365.98219,0.028508784043151852,0.03239210516466963,0.8801151977688269,"development (in-sample PD, LGD, EAD)",
2010,B,3537.0,37237500.0,0.03898686490772927,0.03336160588068985,802750.8763509229,998179.4837000001,0.02155759318834301,0.02680575988452501,0.804214962799403,"development (in-sample PD, LGD, EAD)",
2010,C,2463.0,24237300.0,0.058054549884741444,0.05034510759236703,785942.4624250242,858779.35099,0.032426980828104794,0.035432137696443086,0.9151855613656646,"development (in-sample PD, LGD, EAD)",
2010,D,1613.0,17801500.0,0.069615801001314,0.06075635461872288,719316.0437036634,844833.6488000001,0.0404076085556646,0.04745856522203186,0.8514292070697922,"development (in-sample PD, LGD, EAD)",
2010,E,794.0,9671500.0,0.07946761121863702,0.0743073047858942,475405.58233219065,550712.0131,0.049155310172381804,0.05694173738303262,0.8632562410543695,"development (in-sample PD, LGD, EAD)",
2010,F,240.0,3428725.0,0.09434249398127029,0.075,194821.06253911927,236169.78819999998,0.056820264832880815,0.06887976965198433,0.824919495520466,"development (in-sample PD, LGD, EAD)",
2010,G,88.0,1678725.0,0.08300542348042349,0.11363636363636363,89729.7858077619,133849.5226,0.05345115239706438,0.07973284641617895,0.6703780787916079,"development (in-sample PD, LGD, EAD)",
2011,A,5754.0,51449025.0,0.020267589500337677,0.019986096628432395,544059.944376134,688828.8449,0.010574737701562547,0.01338856946074294,0.7898332777500299,"development (in-sample PD, LGD, EAD)",
2011,ALL,21721.0,257363650.0,0.04694747424069732,0.04557801206205976,8181088.92399608,10008036.77880002,0.031788051358441954,0.03888675334997782,0.8174519243700267,"development (in-sample PD, LGD, EAD)",
2011,B,6565.0,73654875.0,0.03758726649337779,0.032444782939832446,1561488.0423661754,1647926.1894,0.02120006370747592,0.022373620067918112,0.9475473188120784,"development (in-sample PD, LGD, EAD)",
2011,C,3942.0,47344600.0,0.060472953000722036,0.0624048706240487,1768963.8692649892,2298630.6991000203,0.03736358252609567,0.04855106388268188,0.769572889615365,"development (in-sample PD, LGD, EAD)",
2011,D,2796.0,36685625.0,0.0710249183494371,0.06580829756795423,1640886.174468127,1964963.66,0.044728314550130384,0.053562223895599434,0.8350720208576922,"development (in-sample PD, LGD, EAD)",
2011,E,1739.0,29926050.0,0.07577772807559224,0.07878090856814261,1490805.5300906845,1857498.3495,0.04981631488588319,0.062069613246653,0.8025878087547041,"development (in-sample PD, LGD, EAD)",
2011,F,722.0,14047225.0,0.09642928965312572,0.10526315789473684,915235.0242132996,1212037.0784999998,0.0651541513867187,0.08628302590013329,0.7551213081253105,"development (in-sample PD, LGD, EAD)",
2011,G,203.0,4256250.0,0.08865273291297637,0.09359605911330049,259650.33921666993,338151.95739999996,0.061004484984827,0.07944833066666665,0.7678510608457888,"development (in-sample PD, LGD, EAD)",
2012,A,10901.0,121439150.0,0.02047242624220359,0.02412622695165581,1281980.7940802902,2227494.031200012,0.010556569228953679,0.01834247053936076,0.5755260288574834,"development (in-sample PD, LGD, EAD)",
2012,ALL,53367.0,717942625.0,0.04764056220214535,0.04988101261078944,22219321.829580024,29880176.20020014,0.03094860376841398,0.04161917005582464,0.7436141500876156,"development (in-sample PD, LGD, EAD)",
2012,B,18507.0,219574525.0,0.037715494064728974,0.04003890419841141,4494372.226934761,6620014.865600076,0.020468550379124175,0.030149284693204166,0.678906666854949,"development (in-sample PD, LGD, EAD)",
2012,C,11875.0,153356250.0,0.060059280749561766,0.05903157894736842,5342361.608396083,6557033.649900002,0.0348362822408352,0.04275687264066513,0.8147528125736485,"development (in-sample PD, LGD, EAD)",
2012,D,7323.0,113818625.0,0.07104732828020797,0.0740133824935136,4959910.653872555,6782401.388400016,0.043577320090385514,0.05958955652820456,0.7312912300288688,"development (in-sample PD, LGD, EAD)",
2012,E,3185.0,70187775.0,0.07618525280333233,0.0794348508634223,3576379.4302594005,4424865.58869998,0.050954449407455936,0.06304325202928829,0.8082458909921684,"development (in-sample PD, LGD, EAD)",
2012,F,1315.0,32725200.0,0.09282437877400981,0.09733840304182509,2135870.1290089935,2552902.1485000225,0.06526683195240957,0.0780102840777145,0.8366439466800326,"development (in-sample PD, LGD, EAD)",
2012,G,261.0,6841100.0,0.0883742672653083,0.13026819923371646,428446.9870279386,715464.52790003,0.06262837658095023,0.10458325823332944,0.5988374969273171,"development (in-sample PD, LGD, EAD)",
2013,A,17675.0,270720175.0,0.015551519318465974,0.01041018387553041,2119092.258732888,2027967.845599997,0.00782761114398987,0.007491011135760374,1.0449338550069223,out_of_time,
2013,ALL,134755.0,1981983500.0,0.04905062351199375,0.042484508923602095,59887387.67735892,67156234.73600021,0.030215886094591058,0.03388334702887295,0.8917621411144316,out_of_time,
2013,B,44098.0,595681900.0,0.03247946149923214,0.02539797723252755,10381354.642334085,11253188.237899983,0.017427681858948687,0.018891271059100476,0.9225256365454173,out_of_time,
2013,C,38113.0,566867000.0,0.05423816045862322,0.043895783590900746,18277035.78935343,18543179.28010024,0.03224219400556644,0.032711693007531295,0.98564736463329,out_of_time,
2013,D,20558.0,283453975.0,0.07326954473169317,0.06814865259266466,12446817.050515663,15333008.708600016,0.04391124538124986,0.05409346864371902,0.8117661241224275,out_of_time,
2013,E,9057.0,161287975.0,0.0833736034866936,0.08534834934304958,8654490.648997603,10710228.105399942,0.05365862302504327,0.06640438076924174,0.8080584805317204,out_of_time,
2013,F,4390.0,84389950.0,0.10916119620129247,0.10865603644646925,6438464.55241074,7387397.559800028,0.07629420982487536,0.08753883086552401,0.8715470502693543,out_of_time,
2013,G,864.0,19582525.0,0.10981213652242937,0.11226851851851852,1570132.7350145043,1901264.9986000028,0.08018030029398682,0.09708987980865608,0.8258358178216462,out_of_time,
2014,A,34105.0,494107500.0,0.016069370062976908,0.011875091628793431,3814622.5960215526,3942591.286599984,0.007720228079965499,0.007979217653243442,0.9675419841226329,out_of_time,partially unresolved (bad-but-not-yet-charged-off loans carry zero realized loss)
2014,ALL,225321.0,3345438600.0,0.049524114658514876,0.04655136449776097,99481361.01180783,121024219.21029976,0.029736418122218063,0.03617589012403329,0.821995478763985,out_of_time,partially unresolved (bad-but-not-yet-charged-off loans carry zero realized loss)
2014,B,59121.0,801724550.0,0.03287260001830211,0.025168721773988937,13607830.365757946,14393915.893199926,0.016973199044182874,0.01795369231639461,0.9453876531393831,out_of_time,partially unresolved (bad-but-not-yet-charged-off loans carry zero realized loss)
2014,C,63723.0,921996150.0,0.05416603513479806,0.045478084835930514,27919602.983088635,29845704.906199962,0.03028169150499016,0.03237074786722261,0.9354646864878969,out_of_time,partially unresolved (bad-but-not-yet-charged-off loans carry zero realized loss)
2014,D,41403.0,664857200.0,0.06814638160629372,0.06731396275632201,27127993.95007058,33000575.219499934,0.04080273771581413,0.04963558373061153,0.82204609373114,out_of_time,partially unresolved (bad-but-not-yet-charged-off loans carry zero realized loss)
2014,E,19366.0,331549750.0,0.08125882374225156,0.09718062583909945,17385105.283377796,25207471.57309987,0.0524358871734266,0.07602922811161784,0.6896806461910403,out_of_time,partially unresolved (bad-but-not-yet-charged-off loans carry zero realized loss)
2014,F,5974.0,99103975.0,0.10880135464462515,0.12788751255440242,7277443.315866465,10407206.020800032,0.07343240587339171,0.10501300296784292,0.6992696504058471,out_of_time,partially unresolved (bad-but-not-yet-charged-off loans carry zero realized loss)
2014,G,1629.0,32099475.0,0.10472168171381989,0.16267648864333947,2348762.517624877,4226754.310900049,0.07317136861661684,0.1316767427161986,0.5556893883251826,out_of_time,partially unresolved (bad-but-not-yet-charged-off loans carry zero realized loss)
