sample,grade,n,funded,mean_pd,bad_rate,el,realized_loss,el_pct_funded,realized_pct_funded,el_to_realized
train_2007_2011 (in-sample),A,9650.0,80892375.0,0.05777792419537787,0.05854922279792746,2428895.6395625863,2207476.776218703,0.03002626192595515,0.02728905877987515,1.1003040510909305
train_2007_2011 (in-sample),B,9331.0,92200650.0,0.10524860394088839,0.10556210481191726,5132181.321374778,4958284.315414986,0.05566317939596714,0.0537771080292274,1.0350720117882626
train_2007_2011 (in-sample),C,5749.0,52635975.0,0.15020280525120144,0.14680814054618194,4374438.073497434,4295629.413902897,0.08310738185238203,0.08161014237701301,1.0183462426575884
train_2007_2011 (in-sample),D,3231.0,34834875.0,0.17772739471649282,0.17951098731043022,3468608.528060831,3349244.1075800043,0.09957287138423293,0.09614629326443698,1.03563921190775
train_2007_2011 (in-sample),E,868.0,11015525.0,0.21688921544759815,0.20276497695852536,1370837.7536936994,1277018.113207998,0.12444597544771578,0.11592893785888535,1.0734677445177476
train_2007_2011 (in-sample),F,211.0,2971500.0,0.22242234835489677,0.26540284360189575,379197.5575790566,538637.526061999,0.12761149506278197,0.1812678869466596,0.70399394626547
train_2007_2011 (in-sample),G,56.0,962225.0,0.2575752484398294,0.375,144881.48580904494,213183.37,0.15056923880490003,0.2215525163033594,0.6796096984912329
train_2007_2011 (in-sample),ALL,29096.0,275513125.0,0.11090871597470443,0.11090871597470443,17299040.359577432,16839473.62238659,0.06278844377950209,0.06112040441770819,1.027291039345784
test_2012,A,10753.0,119545400.0,0.05658416844061133,0.07235190179484795,3504219.9787187167,4235265.830600072,0.029312880116831905,0.03542809535624183,0.8273907988019309
test_2012,B,16805.0,184958925.0,0.1025898499978239,0.12633144897351978,10257382.653190516,11808552.35060006,0.055457624730412526,0.0638441878411656,0.86864014729708
test_2012,C,9902.0,114028575.0,0.1470645140923727,0.17703494243587153,9541813.570027085,10185491.287700087,0.08367914419720746,0.0893240250323227,0.9368044506159167
test_2012,D,5088.0,70465400.0,0.17139791479563585,0.21324685534591195,7083313.979912789,7993927.365400066,0.10052187286118845,0.11344471705830189,0.8860868577029278
test_2012,E,795.0,16024050.0,0.19327864636231287,0.22012578616352202,1883925.1829811693,1985826.4482999877,0.11756860362899325,0.12392787393324332,0.9486857145013587
test_2012,F,103.0,2052775.0,0.20988888066843472,0.18446601941747573,259148.17430972392,273276.23280002805,0.1262428538489235,0.1331252732520749,0.9483011810227842
test_2012,G,24.0,596075.0,0.1759242045770232,0.16666666666666666,68358.08604187884,57570.338599999995,0.11468034398671113,0.09658237403011365,1.187383776163492
test_2012,ALL,43470.0,507671200.0,0.11134747322187555,0.13657694962042788,32598161.625181876,36539909.8540003,0.064211169798842,0.07197554215011664,0.8921248507572087
"original_notebook (all loans, lifetime PD)",ALL,,,,,531900000.0,,0.0798,,
