finding_id,area,title,description,evidence,evidence_file,severity,traffic_light,recommendation,owner,status,source
F-01,Model design,"PD model uses mths_since_issue_d, a vintage and censoring proxy","The original PD model includes loan age measured from issue date to a fixed reference date. It encodes vintage, and recent vintages have shorter observation windows, so the feature partly learns the censoring pattern instead of borrower risk.",Original notebook feature list contains mths_since_issue_d; lifetime bad rate by vintage falls from 26% (2007) to 9% (2014) while the fixed 12-month flag is flat at about 4-5% from 2010 to 2014. Computed here: reproduced original model (including mths_since_issue_d) has Gini 0.404 on its random test split.,validation_results.csv,High,Red,Remove the feature. Use application-time characteristics only and validate on time-ordered out-of-time samples.,Model Developer,Open,review
F-02,Data and sampling,Only random 80/20 splits; no out-of-time test,"Development and test sets are random draws over 2007-2014, so the test set shares vintages and economic conditions with training. Performance on it cannot show how the model behaves on later cohorts.","Original notebook splits all 466,285 loans at random 80/20. This validation uses development 2007-06 to 2012-12, OOT1 2013 and OOT2 2014-01 to 2014-11. Computed here: random-split Gini of the reproduced model 0.404; time-ordered OOT 2013 Gini of the scorecard 0.353 (development holdout 0.372).",validation_results.csv,High,Red,"Adopt time-ordered development, out-of-time and recent-vintage monitoring samples as the standard test design.",Model Developer,Open,review
F-03,Target definition,Lifetime default flag is right-censored,"A loan issued in 2014 has had at most about two years to default while a 2007 loan has had the full term, so the lifetime bad rate falls mechanically with vintage and is not comparable across cohorts.",Lifetime bad rate by vintage falls from 26% (2007) to 9% (2014); the fixed 12-month window with an observation buffer is flat at about 4-5% from 2010 to 2014. Computed here: fixed 12-month bad rate by vintage 2010-2014 ranges from 3.95% to 4.99%.,by_vintage.csv,High,Red,Define default on a fixed performance window and keep only loans observed for the full window plus a buffer.,Model Developer,Open,review
F-04,Loss estimation,Expected loss uses lifetime PD over all loans,"Applying a lifetime PD to every loan, including already-resolved and seasoned loans, mixes bases and cannot be compared with realized loss. The headline expected loss is therefore not directly comparable with a realized loss.","Original expected loss is 7.98% of funded amount, $531.9M. The back-test on the complete 36-month cohort is in el_backtest_lifetime.csv. Computed here on the complete 36-month cohort (2012 test): predicted EL 6.42% of funded against realized 7.20%.",el_backtest_lifetime.csv,High,Red,Compute expected loss on a stated horizon (12-month) for the performing book and back-test against realized loss by grade and vintage.,Model Developer,Open,review
F-05,LGD model,LGD stage 1 applied as hard 0/1 labels,"The stage 1 recovery model outputs a probability of any recovery, but the original notebook converts it into hard classes (Final notebook cell 132) before combining with the stage 2 recovery rate. This discards the probability information.","Original: stage 1 thresholded to 0/1 in cell 132. Overall mean recovery rate is 0.061 and 56% of charged-off loans have any recovery, so a hard 0/1 cut differs from the expected value. Expected-value and hard-class LGD are compared in lgd_ead_summary.json. Computed here on oot_2013 defaults: LGD R-squared 0.009 with the expected-value combination versus -0.012 with hard 0/1 classes.",lgd_ead_summary.json,High,Red,Combine as LGD = 1 - P(recovery) * E[recovery rate | recovery]; report the hard-class version only as a comparison.,Model Developer,Open,review
F-18,Calibration,hl_p Red for sc_full (2 samples),Automated validation test hl_p returned Red.,"hl_p against threshold Green >= 0.05; Amber >= 0.01 for sc_full; oot1: 2.819e-26 (Red), oot2: 4.252e-16 (Red). Hosmer-Lemeshow has very high power at this sample size, so read it with the calibration slope and table.",calibration_sc_full_oot1.csv,High,Red,Recalibrate the PD (intercept or slope) on recent vintages and monitor calibration quarterly.,Model Developer,Open,auto
F-19,Calibration,binomial_grade_min_p Red for sc_full oot2,Automated validation test binomial_grade_min_p returned Red.,binomial_grade_min_p against threshold Green >= 0.05; Amber >= 0.0001 for sc_full; oot2: 1.515e-15 (Red).,grade_binomial_oot2.csv,High,Red,Recalibrate the PD (intercept or slope) on recent vintages and monitor calibration quarterly.,Model Developer,Open,auto
F-20,Discrimination,gini Red for sc_indep (4 samples),Automated validation test gini returned Red.,"gini against threshold Green >= 0.4; Amber >= 0.3 for sc_indep; dev_holdout: 0.3221 (Amber), oot1: 0.2945 (Red), oot2: 0.2658 (Red), complete36: 0.2724 (Red).",validation_results.csv,High,Red,Refit or redesign the model on the failing population and re-run the out-of-time discrimination tests.,Model Developer,Open,auto
F-21,Discrimination,ks Red for sc_indep (4 samples),Automated validation test ks returned Red.,"ks against threshold Green >= 0.3; Amber >= 0.2 for sc_indep; dev_holdout: 0.2405 (Amber), oot1: 0.2084 (Amber), oot2: 0.1916 (Red), complete36: 0.1964 (Red).",validation_results.csv,High,Red,Refit or redesign the model on the failing population and re-run the out-of-time discrimination tests.,Model Developer,Open,auto
F-22,Calibration,hl_p Red for sc_indep (2 samples),Automated validation test hl_p returned Red.,"hl_p against threshold Green >= 0.05; Amber >= 0.01 for sc_indep; oot1: 4.151e-07 (Red), oot2: 1.102e-23 (Red). Hosmer-Lemeshow has very high power at this sample size, so read it with the calibration slope and table.",calibration_sc_indep_oot1.csv,High,Red,Recalibrate the PD (intercept or slope) on recent vintages and monitor calibration quarterly.,Model Developer,Open,auto
F-24,Calibration,binomial_grade_min_p Red for sc_indep (3 samples),Automated validation test binomial_grade_min_p returned Red.,"binomial_grade_min_p against threshold Green >= 0.05; Amber >= 0.0001 for sc_indep; dev_holdout: 0.002724 (Amber), oot1: 9.55e-11 (Red), oot2: 8.074e-62 (Red).",grade_binomial_oot1.csv,High,Red,Recalibrate the PD (intercept or slope) on recent vintages and monitor calibration quarterly.,Model Developer,Open,auto
F-27,Calibration,hl_p Red for sc_full_recal oot2,Automated validation test hl_p returned Red.,"hl_p against threshold Green >= 0.05; Amber >= 0.01 for sc_full_recal; oot2: 4.228e-24 (Red). Hosmer-Lemeshow has very high power at this sample size, so read it with the calibration slope and table.",calibration_sc_full_recal_oot2.csv,High,Red,Recalibrate the PD (intercept or slope) on recent vintages and monitor calibration quarterly.,Model Developer,Open,auto
F-28,Calibration,binomial_grade_min_p Red for sc_full_recal oot2,Automated validation test binomial_grade_min_p returned Red.,binomial_grade_min_p against threshold Green >= 0.05; Amber >= 0.0001 for sc_full_recal; oot2: 5.079e-43 (Red).,grade_binomial_oot2.csv,High,Red,Recalibrate the PD (intercept or slope) on recent vintages and monitor calibration quarterly.,Model Developer,Open,auto
F-30,Stability,csi_max Red for all (2 samples),Automated validation test csi_max returned Red.,"csi_max against threshold Green <= 0.1; Amber <= 0.25 for all; oot1: 0.4752 (Red), oot2: 1.578 (Red).",psi_csi.csv,High,Red,"Investigate the drifting characteristics, document the cause, and set a re-development trigger.",Model Developer,Open,auto
F-31,Discrimination,benchmark_sc_indep_vs_sub_grade_dauc Red for sc_indep (2 samples),Automated validation test benchmark_sc_indep_vs_sub_grade_dauc returned Red.,"benchmark_sc_indep_vs_sub_grade_dauc against threshold Green: beats sub_grade with DeLong p < 0.05; Amber: ahead but not significant; Red: does not beat for sc_indep; oot1: -0.0263 (Red), oot2: -0.0501 (Red).",benchmark.csv,High,Red,Refit or redesign the model on the failing population and re-run the out-of-time discrimination tests.,Model Developer,Open,auto
F-32,Discrimination,benchmark_sc_full_vs_sub_grade_dauc Red for sc_full (2 samples),Automated validation test benchmark_sc_full_vs_sub_grade_dauc returned Red.,"benchmark_sc_full_vs_sub_grade_dauc against threshold Green: beats sub_grade with DeLong p < 0.05; Amber: ahead but not significant; Red: does not beat for sc_full; oot1: 0.002928 (Amber), oot2: -0.01023 (Red).",benchmark.csv,High,Red,Refit or redesign the model on the failing population and re-run the out-of-time discrimination tests.,Model Developer,Open,auto
F-06,Statistics,Wald p-values from the custom logistic class are invalid,"The original LogisticRegression_with_p_values omits the intercept from the Fisher information matrix and wraps a penalized sklearn fit (C=1). Standard errors and p-values are therefore not those of the fitted model, and variable selection built on them is unsupported.",Original class: Fisher matrix built without an intercept column; sklearn LogisticRegression with default C=1. The corrected class matches statsmodels to 1e-5 in the unit tests.,,Medium,Amber,"Use an unpenalized fit with the intercept in X'VX, or statsmodels, and re-run variable selection.",Model Developer,Open,review
F-07,Model design,Grade and interest rate (LendingClub risk outputs) used as PD features,"grade, sub_grade, int_rate and installment are LendingClub's own underwriting outputs, so the model partly re-learns the lender's score and inherits its drift. Independent value added has to be shown against a model that excludes them.",Two champions are fitted: SC_FULL with these inputs and SC_INDEP without. Their Gini on each sample and the benchmark against sub_grade as a score are in benchmark.csv. Computed here: OOT 2013 Gini 0.353 with LendingClub risk outputs versus 0.295 without.,benchmark.csv,Medium,Amber,Report independent-feature performance next to the full model and document why risk outputs are used or excluded.,Model Owner,Open,review
F-08,Target definition,Default timing proxied by last payment date,"The date of default is not in the data, so months to default is approximated by months from issue to last_pymnt_d. For loans that stopped paying early this is reasonable; for loans that kept paying a partial amount it overstates time to default.","The 12-month bad flag requires a bad status AND months from issue to last_pymnt_d below 12, with never-paid loans counted as 0.",sensitivity.csv,Medium,Amber,Obtain true default dates or document the proxy as a limitation and run the 24-month window variant.,Model Developer,Open,review
F-09,Target definition,In Grace Period coded good in the code but described as bad in the project notes,"The code treats In Grace Period as good while Project_Notes describes it as bad, so the documented and implemented definitions disagree.","3,146 loans carry In Grace Period status (0.7% of 466,285). The In Grace bad variant is in sensitivity.csv. Computed here: coding In Grace Period as bad changes mean PD by +0.0%.",sensitivity.csv,Medium,Amber,"Fix one definition, document it in the model document, and keep the alternative as a sensitivity.",Model Developer,Open,review
F-10,Reproducibility,pd_model.sav loaded without fitting code; missing dummies silently zero-filled,"The Final notebook loads a pickled PD model with no cell that fits it, so results cannot be regenerated. Dummy columns absent from the scoring frame are filled with zero without a warning, for example mths_since_last_record:>=86 versus >86 label drift.",No fitting code for pd_model.sav in the Final notebook. align_columns in this project logs the count of missing columns as a warning.,,Medium,Amber,"Keep fitting code under version control, fail or warn on missing design columns, and store the training sample hash.",Model Developer,Open,review
F-11,Data quality,Immature recoveries on recent defaults,"Loans that charged off in 2013-2014 have had little time to recover, so recovery rates and LGD fitted on them are biased upward in loss.","Share of defaults with any recovery is 74-77% for 2010-2012 defaults, 57% for 2013 and 37% for 2014. 2014 is reported but not fitted.",recovery_by_default_vintage.csv,Medium,Amber,Fit LGD on mature default cohorts only and apply a development-pattern adjustment for recent cohorts.,Model Developer,Open,review
F-12,Data quality,Structural breaks in input features,"Some inputs did not exist or were not populated before 2012, so the development period mixes two data regimes.","initial_list_status 'w' is 0% before 2012; total_rev_hi_lim, tot_cur_bal and tot_coll_amt are missing before 2012.",psi_csi.csv,Medium,Amber,"Exclude or restrict features with regime changes, or fit on the post-break period, and monitor CSI on them.",Model Developer,Open,review
F-15,Discrimination,gini Amber for sc_full (4 samples),Automated validation test gini returned Amber.,"gini against threshold Green >= 0.4; Amber >= 0.3 for sc_full; dev_holdout: 0.3719 (Amber), oot1: 0.353 (Amber), oot2: 0.3456 (Amber), complete36: 0.3231 (Amber).",validation_results.csv,Medium,Amber,Refit or redesign the model on the failing population and re-run the out-of-time discrimination tests.,Model Developer,Open,auto
F-16,Discrimination,ks Amber for sc_full (4 samples),Automated validation test ks returned Amber.,"ks against threshold Green >= 0.3; Amber >= 0.2 for sc_full; dev_holdout: 0.2807 (Amber), oot1: 0.2544 (Amber), oot2: 0.2493 (Amber), complete36: 0.2339 (Amber).",validation_results.csv,Medium,Amber,Refit or redesign the model on the failing population and re-run the out-of-time discrimination tests.,Model Developer,Open,auto
F-17,Calibration,central_tendency Amber for sc_full oot1,Automated validation test central_tendency returned Amber.,central_tendency against threshold Green <= 0.1; Amber <= 0.25 for sc_full; oot1: 0.1546 (Amber).,calibration_sc_full_oot1.csv,Medium,Amber,Recalibrate the PD (intercept or slope) on recent vintages and monitor calibration quarterly.,Model Developer,Open,auto
F-23,Calibration,cal_slope Amber for sc_indep oot2,Automated validation test cal_slope returned Amber.,"cal_slope against threshold Green in (0.9, 1.1); Amber in (0.8, 1.2) for sc_indep; oot2: 0.8089 (Amber).",calibration_sc_indep_oot2.csv,Medium,Amber,Recalibrate the PD (intercept or slope) on recent vintages and monitor calibration quarterly.,Model Developer,Open,auto
F-25,Discrimination,gini Amber for sc_full_recal oot2,Automated validation test gini returned Amber.,gini against threshold Green >= 0.4; Amber >= 0.3 for sc_full_recal; oot2: 0.3456 (Amber).,validation_results.csv,Medium,Amber,Refit or redesign the model on the failing population and re-run the out-of-time discrimination tests.,Model Developer,Open,auto
F-26,Discrimination,ks Amber for sc_full_recal oot2,Automated validation test ks returned Amber.,ks against threshold Green >= 0.3; Amber >= 0.2 for sc_full_recal; oot2: 0.2493 (Amber).,validation_results.csv,Medium,Amber,Refit or redesign the model on the failing population and re-run the out-of-time discrimination tests.,Model Developer,Open,auto
F-29,Discrimination,gini_decay Amber for sc_indep oot2,Automated validation test gini_decay returned Amber.,gini_decay against threshold Green <= 0.1; Amber <= 0.2 for sc_indep; oot2: 0.1746 (Amber).,validation_results.csv,Medium,Amber,Refit or redesign the model on the failing population and re-run the out-of-time discrimination tests.,Model Developer,Open,auto
F-33,Loss estimation,"Expected loss versus realized loss gap: 12-month EL, first fully resolved out-of-time vintage","Predicted 12-month EL, first fully resolved out-of-time vintage differs from realized net loss by more than 10%.","Predicted EL $59,887,388 against realized $67,156,235, ratio 0.892, gap 10.8% (Amber above 10%, Red above 25%): Amber.",el_backtest_12m.csv,Medium,Amber,"Re-estimate the loss component, document the bias, and apply a conservative overlay until fixed.",Model Developer,Open,auto
F-34,Loss estimation,"Expected loss versus realized loss gap: lifetime EL, 2012 test cohort","Predicted lifetime EL, 2012 test cohort differs from realized net loss by more than 10%.","Predicted EL $32,598,162 against realized $36,539,910, ratio 0.892, gap 10.8% (Amber above 10%, Red above 25%): Amber.",el_backtest_lifetime.csv,Medium,Amber,"Re-estimate the loss component, document the bias, and apply a conservative overlay until fixed.",Model Developer,Open,auto
F-13,Reporting,EAD summary prints the LGD stage 2 p-values,"The EAD regression summary cell prints the coefficient table of the LGD stage 2 model, so the reported EAD statistics are not those of the EAD model.",Original notebook cell 113 prints the LGD stage 2 p-values. The EAD coefficients are re-estimated in ead_coefs.csv.,ead_coefs.csv,Low,Amber,Correct the cell reference and re-issue the EAD statistics.,Model Developer,Open,review
F-14,Data quality,Two-digit year in earliest_cr_line,"Dates such as Jan-62 parse as 2062, producing negative credit age unless corrected.","1,169 earliest_cr_line dates parse into the future and are corrected by subtracting 100 years when after the issue date.",,Low,Green,Keep the correction in the data layer and add a unit test.,Model Developer,Open,review
