model,group,n,bads,obs_rate,mean_pd,z,p_z,p_binom,p_jeffreys
sc_full,A,34105,405,0.011875091628793431,0.016069370062976908,-6.160055400171026,0.9999999996364025,0.9999999999522408,0.9999999999441214
sc_full,B,59121,1488,0.025168721773988937,0.03287260001830211,-10.5056136303389,1.0,1.0,1.0
sc_full,C,63723,2898,0.045478084835930514,0.05416603513479806,-9.689345861358678,1.0,1.0,1.0
sc_full,D,41403,2787,0.06731396275632201,0.06814638160629372,-0.6721443666059103,0.7492541028990263,0.7518723631405421,0.7487639388061469
sc_full,E,19366,1882,0.09718062583909945,0.08125882374225156,8.109243268447852,2.546798942016476e-16,1.6735540530120686e-15,1.5147360133390482e-15
sc_full,F,5974,764,0.12788751255440242,0.10880135464462515,4.737472604997061,1.0820004950634137e-06,2.0156914316691878e-06,1.832081685626752e-06
sc_full,G,1629,265,0.16267648864333947,0.10472168171381989,7.639284216867024,1.0921632534666327e-14,5.946418776025545e-13,4.593025605627124e-13
sc_indep,A,34105,405,0.011875091628793431,0.026196918356617905,-16.559482726517434,1.0,1.0,1.0
sc_indep,B,59121,1488,0.025168721773988937,0.03566854694359168,-13.765661266707799,1.0,1.0,1.0
sc_indep,C,63723,2898,0.045478084835930514,0.04622777350741483,-0.9012706549690943,0.816277783855742,0.818647926816583,0.8161373253100663
sc_indep,D,41403,2787,0.06731396275632201,0.05610997346191219,9.906217525981988,1.955880278530264e-23,3.531833809227989e-22,3.20211387422195e-22
sc_indep,E,19366,1882,0.09718062583909945,0.06576120521694863,17.640232516132155,6.048110771570169e-70,9.992314467913314e-62,8.074396092182642e-62
sc_indep,F,5974,764,0.12788751255440242,0.07421896033304076,15.824897827518742,1.047694948305773e-56,1.2974451306867351e-47,9.580194280426366e-48
sc_indep,G,1629,265,0.16267648864333947,0.0825250052756801,11.756612600710286,3.265099152958281e-32,5.509454136997827e-26,3.7367592007563316e-26
xgb,A,34105,405,0.011875091628793431,0.014426434288596838,-3.951425456361482,0.9999611564642814,0.9999786362337364,0.9999762925138007
xgb,B,59121,1488,0.025168721773988937,0.029979386473021764,-6.859210348918355,0.9999999999965379,0.9999999999991616,0.999999999999081
xgb,C,63723,2898,0.045478084835930514,0.050694852119908644,-6.002949946928368,0.9999999990311782,0.9999999995064716,0.9999999994767321
xgb,D,41403,2787,0.06731396275632201,0.06928792734347948,-1.581680657747926,0.9431387547667236,0.944720594518839,0.9436216314365314
xgb,E,19366,1882,0.09718062583909945,0.09352970713715113,1.7449000330396436,0.040501135812064236,0.042173245052632966,0.04108739354594972
xgb,F,5974,764,0.12788751255440242,0.1141719129440017,3.333443094704848,0.0004288910815033373,0.0005500622692055358,0.0005130540873379876
xgb,G,1629,265,0.16267648864333947,0.11476475902236313,6.066927001649603,6.519038988901374e-10,5.070639065582472e-09,4.119276329053054e-09
lgbm,A,34105,405,0.011875091628793431,0.015896388831866736,-5.9375263145765675,0.999999998553227,0.9999999997678239,0.9999999997298064
lgbm,B,59121,1488,0.025168721773988937,0.030589918936846552,-7.654611598350904,0.9999999999999903,0.9999999999999986,0.9999999999999984
lgbm,C,63723,2898,0.045478084835930514,0.05217075187133111,-7.597465297615325,0.9999999999999849,0.999999999999996,0.9999999999999957
lgbm,D,41403,2787,0.06731396275632201,0.06905109974566497,-1.3941251172446727,0.9183600872021072,0.9202219212531194,0.9187627469417429
lgbm,E,19366,1882,0.09718062583909945,0.08919104621439207,3.900943123730784,4.7909331499962475e-05,6.11567862361999e-05,5.816659149222743e-05
lgbm,F,5974,764,0.12788751255440242,0.10935569213395295,4.589631811624325,2.220142665401378e-06,3.929105321534249e-06,3.5810323294604462e-06
lgbm,G,1629,265,0.16267648864333947,0.10725479627855457,7.228833161370924,2.435807310292822e-13,7.310480999179679e-12,5.721383906338351e-12
sc_full_recal,A,34105,405,0.011875091628793431,0.01381515331671511,-3.0694993750219224,0.9989279107284111,0.999215228381472,0.9991469583751581
sc_full_recal,B,59121,1488,0.025168721773988937,0.028341963638332895,-4.649458430669449,0.9999983359612565,0.9999989667363853,0.9999988989406495
sc_full_recal,C,63723,2898,0.045478084835930514,0.046877015605373856,-1.6706669478271399,0.9526062595902455,0.9540330539722868,0.9531135040120905
sc_full_recal,D,41403,2787,0.06731396275632201,0.05910126888790633,7.086498440937265,6.877388272083995e-13,2.044247525111386e-12,1.9045015724205414e-12
sc_full_recal,E,19366,1882,0.09718062583909945,0.07063259525464236,14.419691626191728,1.9453850441427167e-47,6.050308825670272e-43,5.079379816156324e-43
sc_full_recal,F,5974,764,0.12788751255440242,0.09499202121794503,8.671599633249157,2.1304577864495463e-18,6.959292186394729e-17,5.874344080488656e-17
sc_full_recal,G,1629,265,0.16267648864333947,0.09139891103765756,9.982891169310227,9.055557671844475e-24,6.074751356486873e-20,4.355208903535073e-20
