split,grade,n,lgd_pred,lgd_actual,ccf_pred,ccf_actual
dev_le_2012,A,1388,0.9558159251991483,0.954320448122235,0.5541887663423621,0.5612927297676816
dev_le_2012,B,3820,0.9492648072938527,0.9490752610635458,0.6020887330269373,0.600044346703045
dev_le_2012,C,3547,0.9447654781572089,0.9441117324746264,0.6378849744018513,0.6397990748196349
dev_le_2012,D,2891,0.9386786233581372,0.9423146975043409,0.6768493326985963,0.6747108670169717
dev_le_2012,E,1715,0.9305888608992611,0.9316404732157518,0.7367703661719373,0.7348441058055065
dev_le_2012,F,788,0.9256920781802651,0.9177000650354514,0.7657514810472213,0.7691653011749673
dev_le_2012,G,270,0.9271982454079238,0.9238683042997237,0.7626784805746668,0.7551069653686984
oot_2013,A,590,0.9547319053134677,0.9488331364143299,0.5308892465326519,0.6152861615940449
oot_2013,B,3290,0.9510809752282878,0.9437501404569483,0.5746918922191387,0.6478411406326179
oot_2013,C,4565,0.9426538345365015,0.9342123844475325,0.6459198001889402,0.7144861270723506
oot_2013,D,3386,0.9366866153987758,0.9283081101165529,0.6798098061204926,0.7322942132676903
oot_2013,E,1746,0.9271777825296408,0.9156594359722575,0.7535376467705338,0.8106035551623785
oot_2013,F,1053,0.9219627879989702,0.9078589912582622,0.8005445321060509,0.8536941353499128
oot_2013,G,206,0.9174743859634681,0.9079852010028044,0.8231419541024088,0.8734117787613389
report_2014,A,557,0.9563072742305433,0.9574573649675944,0.5206500643504679,0.7613639845795064
report_2014,B,2132,0.9520368173339069,0.9531498620446582,0.5691407995513182,0.7840330680723164
report_2014,C,3957,0.9466412373603573,0.9512206853738228,0.6249197330351196,0.8180189705931418
report_2014,D,3668,0.939938853734535,0.9394863592218438,0.680622358684931,0.854601873303781
report_2014,E,2407,0.9323948539675514,0.9368614905726524,0.7333372745017928,0.8802798743972461
report_2014,F,937,0.9250010512948765,0.930231901046543,0.7783674831312452,0.901729960366412
report_2014,G,323,0.9223399753516276,0.9244913528592074,0.8043152982686507,0.9208337593207115
