component,split,decile,n,mean_pred,mean_actual
lgd_expected,dev_le_2012,1,1442,0.9636536202109487,0.9600487939474754
lgd_expected,dev_le_2012,2,1442,0.9559918937623756,0.9527749036403951
lgd_expected,dev_le_2012,3,1442,0.9520843083317719,0.9574003719961763
lgd_expected,dev_le_2012,4,1442,0.9488370631980115,0.9537792501091031
lgd_expected,dev_le_2012,5,1442,0.9457523344976178,0.9468602423676428
lgd_expected,dev_le_2012,6,1442,0.942471661878856,0.944919719307888
lgd_expected,dev_le_2012,7,1442,0.9387906904815713,0.9368088568264105
lgd_expected,dev_le_2012,8,1442,0.934493303230242,0.9347312839882309
lgd_expected,dev_le_2012,9,1442,0.9284774431134958,0.9215441294230675
lgd_expected,dev_le_2012,10,1441,0.9168629118160296,0.9185488413507417
ccf,dev_le_2012,1,1442,0.8031709784505511,0.8008261588285611
ccf,dev_le_2012,2,1442,0.7562881646949218,0.7549089372102203
ccf,dev_le_2012,3,1442,0.7182757916783677,0.7221077330760296
ccf,dev_le_2012,4,1442,0.6763484826908099,0.6717327464490195
ccf,dev_le_2012,5,1442,0.6444757991625688,0.6491432053918661
ccf,dev_le_2012,6,1442,0.6211276127831532,0.622105714970108
ccf,dev_le_2012,7,1442,0.6020328212673433,0.6097384483789204
ccf,dev_le_2012,8,1442,0.5832797739948412,0.5893381110140077
ccf,dev_le_2012,9,1442,0.5621518626765288,0.5471445402673576
ccf,dev_le_2012,10,1441,0.5251955386931771,0.5253013038523304
lgd_expected,oot_2013,1,1484,0.9629157410755502,0.9460759234761772
lgd_expected,oot_2013,2,1484,0.9539672848790915,0.9418239583261566
lgd_expected,oot_2013,3,1483,0.9495786888542526,0.9415283733472951
lgd_expected,oot_2013,4,1484,0.9460216531639564,0.9360953798927844
lgd_expected,oot_2013,5,1483,0.9425712179021234,0.936765393731112
lgd_expected,oot_2013,6,1484,0.9392073988712819,0.9335948109951185
lgd_expected,oot_2013,7,1484,0.9354065626651806,0.9286001392704688
lgd_expected,oot_2013,8,1483,0.9309939835296006,0.9262348253122712
lgd_expected,oot_2013,9,1484,0.9251884287724982,0.9146244523685347
lgd_expected,oot_2013,10,1483,0.9141491127976666,0.9060804372721305
ccf,oot_2013,1,1484,0.8207178556702026,0.8632015178112534
ccf,oot_2013,2,1484,0.7683753129455578,0.8387310762070747
ccf,oot_2013,3,1483,0.7292319167221972,0.8116422671308019
ccf,oot_2013,4,1484,0.6950314473095737,0.7568543790697798
ccf,oot_2013,5,1483,0.662184017679139,0.7141953372240072
ccf,oot_2013,6,1484,0.6346079100855374,0.6865056781541659
ccf,oot_2013,7,1484,0.6106844363008578,0.6680476997130311
ccf,oot_2013,8,1483,0.5876258165360752,0.6482591546119698
ccf,oot_2013,9,1484,0.5629879597935644,0.6280787978557253
ccf,oot_2013,10,1483,0.5223131606954915,0.6166679784962804
lgd_expected,report_2014,1,1399,0.9651167248075802,0.9539935582669613
lgd_expected,report_2014,2,1398,0.9562396378038103,0.9546209871712739
lgd_expected,report_2014,3,1398,0.9513320831426182,0.9519046709215152
lgd_expected,report_2014,4,1398,0.9475850382346073,0.9498562546828554
lgd_expected,report_2014,5,1398,0.9441147450327865,0.944789176735802
lgd_expected,report_2014,6,1398,0.9405404061197661,0.9455059758897834
lgd_expected,report_2014,7,1398,0.9366783579321342,0.9426124891249957
lgd_expected,report_2014,8,1398,0.9322342017113671,0.9338191424292097
lgd_expected,report_2014,9,1398,0.9266265618257787,0.9355794006671987
lgd_expected,report_2014,10,1398,0.9157781889635672,0.9291960896900487
ccf,report_2014,1,1399,0.8130396365770891,0.9205141021032016
ccf,report_2014,2,1398,0.7634946653498736,0.9032692285795125
ccf,report_2014,3,1398,0.7309004245643747,0.8921537595453449
ccf,report_2014,4,1398,0.7006072811201095,0.8673098038808807
ccf,report_2014,5,1398,0.6684354041125811,0.8397842962433487
ccf,report_2014,6,1398,0.638120568383042,0.8135958617434895
ccf,report_2014,7,1398,0.6124673245922232,0.8011657038081348
ccf,report_2014,8,1398,0.5889250575133885,0.7940145085619927
ccf,report_2014,9,1398,0.5633783379712505,0.7831436021288147
ccf,report_2014,10,1398,0.5201981230541978,0.7738062143439636
