term,coef,se,z,p_value
const,1.1294273269789425,0.047328987570464345,23.86333164844121,7.363535852782232e-126
loan_amnt,0.12410597666505647,0.05558501390257333,2.2327236776909567,0.02556717203703262
term_m,0.036693909230745024,0.024727345670404938,1.4839404811112555,0.1378247112495248
int_rate,0.14027222814589504,0.028851853428951277,4.861809952394235,1.163172706785234e-06
emp_years,-0.027846059294174573,0.020362798434607907,-1.3674966819319085,0.1714696765849979
annual_inc,0.05320684662136659,0.045111799592313706,1.179444116665923,0.23822137681347078
dti,-0.07848871656593152,0.023182160351652856,-3.3857377990371544,0.0007098717507839969
delinq_2yrs,-0.005636519600315551,0.021868953533341277,-0.25774070952787687,0.7966070255927133
inq_last_6mths,-0.06445436066759834,0.020190401357164423,-3.192326864999499,0.0014113152479155076
open_acc,0.13190131338820793,0.029217554924791504,4.514454194669377,6.3480040063113434e-06
pub_rec,0.08327468885590818,0.034322346698783,2.4262527730617243,0.015255640535024782
revol_bal,-0.16917300519340125,0.030418336661541083,-5.561546874694576,2.673938344148642e-08
revol_util,0.02935750449426628,0.02795433607351628,1.0501950186568498,0.2936284593192018
total_acc,-0.25820504806016564,0.028983737990961496,-8.908617933983747,5.167265011280181e-19
credit_age_m,-0.07252961538163673,0.021592647603898413,-3.358995928250224,0.0007822622001169245
loan_to_inc,-0.06387734328237854,0.04768887323631826,-1.3394601077244928,0.18042093286508198
mths_since_last_delinq_reported,0.11672775436030253,0.046992180034806465,2.4839825322818365,0.012992218083603334
mths_since_last_record_reported,-0.7956377421351043,0.1288251351656383,-6.176106402776948,6.57017168745385e-10
home_ownership=MORTGAGE,-0.07902823673023873,0.04489266394528067,-1.7603819819328532,0.07834306226569081
home_ownership=OWN,0.12603893080901465,0.07629725737808736,1.6519457597857659,0.09854560851484809
verification_status=Not Verified,-0.07648146379746291,0.05131950742151148,-1.490300036773236,0.1361453628392829
verification_status=Source Verified,0.07458555115644526,0.05410205792656233,1.3786083933754802,0.16801552728785507
purpose=credit_card,0.009478037368317916,0.05946677186858503,0.15938375449845044,0.8733665373312107
purpose=other,-0.05970627843550315,0.07094122133419502,-0.8416302582984089,0.3999949468602292
purpose=small_business,0.08543664261118927,0.0875701241694969,0.975636878689607,0.32924444236599504
purpose=home_improvement,0.12574211789931333,0.09256801204501779,1.3583754811344795,0.17434457028837735
purpose=major_purchase,0.02647918098682871,0.12356989812124974,0.21428504344032642,0.8303247807639427
purpose=car,0.1094311679618034,0.15097657134626302,0.7248221825810593,0.4685611252974099
purpose=medical,-0.09995316208620053,0.15101003916377212,-0.661897464828813,0.5080369366408259
purpose=wedding,-0.014540144348151856,0.17172669193118986,-0.08467026403780041,0.9325235369105583
purpose=moving,0.08125612487232707,0.18564843114809063,0.4376881849731849,0.6616123354305615
purpose=house,0.09907283950136823,0.20314065557799277,0.48770562061778283,0.6257583700074423
