split,component,quantile,residual
dev_le_2012,lgd_expected,0.01,-0.48611901080273706
dev_le_2012,lgd_expected,0.05,-0.12424801047889199
dev_le_2012,lgd_expected,0.25,-0.013412945458536218
dev_le_2012,lgd_expected,0.5,0.018091349253464895
dev_le_2012,lgd_expected,0.75,0.04846338800052874
dev_le_2012,lgd_expected,0.95,0.0693485744024208
dev_le_2012,lgd_expected,0.99,0.08370726500344423
dev_le_2012,lgd_hard_class,0.01,-0.4640776787252801
dev_le_2012,lgd_hard_class,0.05,-0.10214345633358107
dev_le_2012,lgd_hard_class,0.25,0.0028638974021681363
dev_le_2012,lgd_hard_class,0.5,0.03648011052239897
dev_le_2012,lgd_hard_class,0.75,0.06880604026183046
dev_le_2012,lgd_hard_class,0.95,0.09323530659665996
dev_le_2012,lgd_hard_class,0.99,0.10827826758456581
dev_le_2012,ccf,0.01,-0.539481828841451
dev_le_2012,ccf,0.05,-0.4168964702683126
dev_le_2012,ccf,0.25,-0.15037888989710826
dev_le_2012,ccf,0.5,0.03489398076808947
dev_le_2012,ccf,0.75,0.17080518352119795
dev_le_2012,ccf,0.95,0.3147508500145291
dev_le_2012,ccf,0.99,0.3900725216861153
dev_le_2012,recovery_rate_given_recovery,0.01,-0.10070176477282303
dev_le_2012,recovery_rate_given_recovery,0.05,-0.08125436479125607
dev_le_2012,recovery_rate_given_recovery,0.25,-0.044643161781129745
dev_le_2012,recovery_rate_given_recovery,0.5,-0.0223571939041236
dev_le_2012,recovery_rate_given_recovery,0.75,0.010084545637674434
dev_le_2012,recovery_rate_given_recovery,0.95,0.1415305545297005
dev_le_2012,recovery_rate_given_recovery,0.99,0.5835805223286094
oot_2013,lgd_expected,0.01,-0.27251378414309974
oot_2013,lgd_expected,0.05,-0.11212100464369867
oot_2013,lgd_expected,0.25,-0.05701735090493179
oot_2013,lgd_expected,0.5,-0.013322513867085939
oot_2013,lgd_expected,0.75,0.05602069592117975
oot_2013,lgd_expected,0.95,0.07541399324044881
oot_2013,lgd_expected,0.99,0.08725141341024689
oot_2013,lgd_hard_class,0.01,-0.25066696985732223
oot_2013,lgd_hard_class,0.05,-0.0917286582318998
oot_2013,lgd_hard_class,0.25,-0.03762331469477831
oot_2013,lgd_hard_class,0.5,0.0064983264997705015
oot_2013,lgd_hard_class,0.75,0.07670838560057408
oot_2013,lgd_hard_class,0.95,0.09921405845169418
oot_2013,lgd_hard_class,0.99,0.11174199955762977
oot_2013,ccf,0.01,-0.3626243569775675
oot_2013,ccf,0.05,-0.22597754275686355
oot_2013,ccf,0.25,-0.03412373998897503
oot_2013,ccf,0.5,0.07976060878312746
oot_2013,ccf,0.75,0.17322341009291792
oot_2013,ccf,0.95,0.3055840788821951
oot_2013,ccf,0.99,0.38176957854457905
oot_2013,recovery_rate_given_recovery,0.01,-0.09711509326990769
oot_2013,recovery_rate_given_recovery,0.05,-0.0569505528847361
oot_2013,recovery_rate_given_recovery,0.25,0.014904995186502696
oot_2013,recovery_rate_given_recovery,0.5,0.03358212252273221
oot_2013,recovery_rate_given_recovery,0.75,0.05030331434040024
oot_2013,recovery_rate_given_recovery,0.95,0.13347924447041892
oot_2013,recovery_rate_given_recovery,0.99,0.31760011354300316
report_2014,lgd_expected,0.01,-0.2001012019010235
report_2014,lgd_expected,0.05,-0.11758946141681748
report_2014,lgd_expected,0.25,-0.07075775671145557
report_2014,lgd_expected,0.5,0.04607458333850478
report_2014,lgd_expected,0.75,0.06013036719843223
report_2014,lgd_expected,0.95,0.07766523862505881
report_2014,lgd_expected,0.99,0.08906183506911665
report_2014,lgd_hard_class,0.01,-0.18536484640010187
report_2014,lgd_hard_class,0.05,-0.09913156610929841
report_2014,lgd_hard_class,0.25,-0.05080986465253112
report_2014,lgd_hard_class,0.5,0.06426903903903147
report_2014,lgd_hard_class,0.75,0.08146802026836719
report_2014,lgd_hard_class,0.95,0.10133231636456652
report_2014,lgd_hard_class,0.99,0.11339019070449012
report_2014,ccf,0.01,-0.08820854079135113
report_2014,ccf,0.05,0.012494586680860564
report_2014,ccf,0.25,0.11787522853827193
report_2014,ccf,0.5,0.17796446663241794
report_2014,ccf,0.75,0.24516102237339754
report_2014,ccf,0.95,0.3466770781161834
report_2014,ccf,0.99,0.40531333381895707
report_2014,recovery_rate_given_recovery,0.01,-0.05554944933458421
report_2014,recovery_rate_given_recovery,0.05,-0.0021090762936047357
report_2014,recovery_rate_given_recovery,0.25,0.045048600457457275
report_2014,recovery_rate_given_recovery,0.5,0.06273840511832798
report_2014,recovery_rate_given_recovery,0.75,0.08322508854026173
report_2014,recovery_rate_given_recovery,0.95,0.13620032942783825
report_2014,recovery_rate_given_recovery,0.99,0.31605775475789377
