split,component,metric,value
dev_le_2012,lgd_expected,n,14419.0
dev_le_2012,lgd_expected,r2,0.018148430179645514
dev_le_2012,lgd_expected,rmse,0.0989805946233383
dev_le_2012,lgd_expected,mae,0.05102551801420458
dev_le_2012,lgd_expected,corr,0.13472179586742894
dev_le_2012,lgd_expected,spearman,0.18554917614770775
dev_le_2012,lgd_expected,mean_actual,0.9427433171373072
dev_le_2012,lgd_expected,mean_pred,0.9427433178097891
dev_le_2012,lgd_hard_class,n,14419.0
dev_le_2012,lgd_hard_class,r2,-0.024993663011600775
dev_le_2012,lgd_hard_class,rmse,0.10113179817284995
dev_le_2012,lgd_hard_class,mae,0.06002016331430423
dev_le_2012,lgd_hard_class,corr,0.12137761179052524
dev_le_2012,lgd_hard_class,spearman,0.12203512628433077
dev_le_2012,lgd_hard_class,mean_actual,0.9427433171373072
dev_le_2012,lgd_hard_class,mean_pred,0.9234088390984553
dev_le_2012,ccf,n,14419.0
dev_le_2012,ccf,r2,0.12645149879800133
dev_le_2012,ccf,rmse,0.22377171351707462
dev_le_2012,ccf,mae,0.18375086023030324
dev_le_2012,ccf,corr,0.35560019516024094
dev_le_2012,ccf,spearman,0.354303732989442
dev_le_2012,ccf,mean_actual,0.6492432850881719
dev_le_2012,ccf,mean_pred,0.649243285088172
dev_le_2012,ead_usd,n,14419.0
dev_le_2012,ead_usd,r2,0.8010539857941466
dev_le_2012,ead_usd,rmse,3088.3315750192796
dev_le_2012,ead_usd,mae,2223.1333851671297
dev_le_2012,ead_usd,corr,0.8950182958726873
dev_le_2012,ead_usd,spearman,0.8714722715309332
dev_le_2012,ead_usd,mean_actual,8767.264038421526
dev_le_2012,ead_usd,mean_pred,8767.283659046958
dev_le_2012,recovery_rate_given_recovery,n,10687.0
dev_le_2012,recovery_rate_given_recovery,r2,0.02112530053613748
dev_le_2012,recovery_rate_given_recovery,rmse,0.10801094907352055
dev_le_2012,recovery_rate_given_recovery,mae,0.05457173463291331
dev_le_2012,recovery_rate_given_recovery,corr,0.14534545240955202
dev_le_2012,recovery_rate_given_recovery,spearman,0.19537373123382898
dev_le_2012,recovery_rate_given_recovery,mean_actual,0.07725125013541381
dev_le_2012,recovery_rate_given_recovery,mean_pred,0.07725125013541381
dev_le_2012,stage1_any_recovery,auc,0.6124813972480714
dev_le_2012,stage1_any_recovery,hit_rate_at_0.5,0.7429086621818434
dev_le_2012,stage1_any_recovery,mean_pred,0.7411748338936622
dev_le_2012,stage1_any_recovery,mean_actual,0.7411748170852661
oot_2013,lgd_expected,n,14836.0
oot_2013,lgd_expected,r2,0.00884301374508234
oot_2013,lgd_expected,rmse,0.08237874467693405
oot_2013,lgd_expected,mae,0.0628967971105692
oot_2013,lgd_expected,corr,0.14435050542337274
oot_2013,lgd_expected,spearman,0.20058236987022132
oot_2013,lgd_expected,mean_actual,0.9311433103838325
oot_2013,lgd_expected,mean_pred,0.9400015377867039
oot_2013,lgd_hard_class,n,14836.0
oot_2013,lgd_hard_class,r2,-0.01161775655969799
oot_2013,lgd_hard_class,rmse,0.08322468658765798
oot_2013,lgd_hard_class,mae,0.06319711141772973
oot_2013,lgd_hard_class,corr,0.1180542882901485
oot_2013,lgd_hard_class,spearman,0.16483106420990343
oot_2013,lgd_hard_class,mean_actual,0.9311433103838325
oot_2013,lgd_hard_class,mean_pred,0.9196351423007437
oot_2013,ccf,n,14836.0
oot_2013,ccf,r2,0.09086964254465213
oot_2013,ccf,rmse,0.17305297267244277
oot_2013,ccf,mae,0.1413545028455503
oot_2013,ccf,corr,0.46450411958270876
oot_2013,ccf,spearman,0.4776503348282445
oot_2013,ccf,mean_actual,0.7232252711305801
oot_2013,ccf,mean_pred,0.6593851603097769
oot_2013,ead_usd,n,14836.0
oot_2013,ead_usd,r2,0.8614888259965882
oot_2013,ead_usd,rmse,2726.9300163910902
oot_2013,ead_usd,mae,2010.8837085014134
oot_2013,ead_usd,corr,0.9411107203534013
oot_2013,ead_usd,spearman,0.9360844214255594
oot_2013,ead_usd,mean_actual,11214.129370450259
oot_2013,ead_usd,mean_pred,10209.441159421529
oot_2013,recovery_rate_given_recovery,n,8472.0
oot_2013,recovery_rate_given_recovery,r2,-0.2573696298007615
oot_2013,recovery_rate_given_recovery,rmse,0.0850516559448212
oot_2013,recovery_rate_given_recovery,mae,0.05130442837307948
oot_2013,recovery_rate_given_recovery,corr,0.11672948100816247
oot_2013,recovery_rate_given_recovery,spearman,0.27702810433357794
oot_2013,recovery_rate_given_recovery,mean_actual,0.12058048242982314
oot_2013,recovery_rate_given_recovery,mean_pred,0.08171700763567465
oot_2013,stage1_any_recovery,auc,0.571602580823791
oot_2013,stage1_any_recovery,hit_rate_at_0.5,0.5712456187651658
oot_2013,stage1_any_recovery,mean_pred,0.7422379071951197
oot_2013,stage1_any_recovery,mean_actual,0.5710434317588806
report_2014,lgd_expected,n,13981.0
report_2014,lgd_expected,r2,0.003682087831714309
report_2014,lgd_expected,rmse,0.08317310251432118
report_2014,lgd_expected,mae,0.07000102633919335
report_2014,lgd_expected,corr,0.0981914091433139
report_2014,lgd_expected,spearman,0.12085159615926293
report_2014,lgd_expected,mean_actual,0.9441884759229391
report_2014,lgd_expected,mean_pred,0.9416262748470983
report_2014,lgd_hard_class,n,13981.0
report_2014,lgd_hard_class,r2,-0.08415935336496849
report_2014,lgd_hard_class,rmse,0.08676218748971203
report_2014,lgd_hard_class,mae,0.07592399051300965
report_2014,lgd_hard_class,corr,0.07751946664603594
report_2014,lgd_hard_class,spearman,0.0999710386154692
report_2014,lgd_hard_class,mean_actual,0.9441884759229391
report_2014,lgd_hard_class,mean_pred,0.9217493557114933
report_2014,ccf,n,13981.0
report_2014,ccf,r2,-2.579888338019613
report_2014,ccf,rmse,0.20745423332978077
report_2014,ccf,mae,0.18534821829757936
report_2014,ccf,corr,0.4569014094533365
report_2014,ccf,spearman,0.4997484452617689
report_2014,ccf,mean_actual,0.838881547332407
report_2014,ccf,mean_pred,0.6599676316803865
report_2014,ead_usd,n,13981.0
report_2014,ead_usd,r2,0.8017319704927309
report_2014,ead_usd,rmse,3391.603401662879
report_2014,ead_usd,mae,2714.156172221965
report_2014,ead_usd,corr,0.9713198134143856
report_2014,ead_usd,spearman,0.9751614993405082
report_2014,ead_usd,mean_actual,12779.351956941564
report_2014,ead_usd,mean_pred,10151.768678882496
report_2014,recovery_rate_given_recovery,n,5212.0
report_2014,recovery_rate_given_recovery,r2,-1.0737199409431395
report_2014,recovery_rate_given_recovery,rmse,0.0973186046404566
report_2014,recovery_rate_given_recovery,mae,0.07285684198027598
report_2014,recovery_rate_given_recovery,corr,0.06774379712312198
report_2014,recovery_rate_given_recovery,spearman,0.17739105570237038
report_2014,recovery_rate_given_recovery,mean_actual,0.14971237876465668
report_2014,recovery_rate_given_recovery,mean_pred,0.08047858613983842
report_2014,stage1_any_recovery,auc,0.5480777536719521
report_2014,stage1_any_recovery,hit_rate_at_0.5,0.37429368428581644
report_2014,stage1_any_recovery,mean_pred,0.7380225745971392
report_2014,stage1_any_recovery,mean_actual,0.3727916479110718
