kind,model,split,name,psi,light
score,sc_full,dev_holdout,pd,0.0006543486523029034,Green
score,sc_full,oot1,pd,0.0026497455709726127,Green
score,sc_full,oot2,pd,0.006749108527543566,Green
score,sc_indep,dev_holdout,pd,0.0006708472977954239,Green
score,sc_indep,oot1,pd,0.009799408460815643,Green
score,sc_indep,oot2,pd,0.009474744384919458,Green
score,xgb,dev_holdout,pd,0.0006890786362487261,Green
score,xgb,oot1,pd,0.014885590637512599,Green
score,xgb,oot2,pd,0.007806012240057071,Green
score,lgbm,dev_holdout,pd,0.000637731818810119,Green
score,lgbm,oot1,pd,0.010007300839674313,Green
score,lgbm,oot2,pd,0.015160257645482922,Green
score,repro_original,dev_holdout,pd,0.0009489236598516663,Green
score,repro_original,oot1,pd,0.08219022980251736,Green
score,repro_original,oot2,pd,0.911695697719471,Red
csi,all,oot1,loan_amnt,0.09524935141315508,Green
csi,all,oot1,term_m,0.006116602778724463,Green
csi,all,oot1,int_rate,0.16998824217741637,Amber
csi,all,oot1,installment,0.13390732029418898,Amber
csi,all,oot1,grade,0.07330999710414617,Green
csi,all,oot1,sub_grade,0.13177969391152508,Amber
csi,all,oot1,emp_years,0.06016214233954746,Green
csi,all,oot1,home_ownership,0.03305290176149259,Green
csi,all,oot1,annual_inc,0.02613591126268523,Green
csi,all,oot1,verification_status,0.07213949155546909,Green
csi,all,oot1,purpose,0.17553767082836128,Amber
csi,all,oot1,addr_state,0.13916847299367263,Amber
csi,all,oot1,dti,0.08780120872391008,Green
csi,all,oot1,delinq_2yrs,0.015812210464684902,Green
csi,all,oot1,inq_last_6mths,0.005791851864769425,Green
csi,all,oot1,mths_since_last_delinq,0.016009031311861713,Green
csi,all,oot1,mths_since_last_record,0.1368209633972217,Amber
csi,all,oot1,open_acc,0.06870759030272439,Green
csi,all,oot1,pub_rec,0.09642794603376738,Green
csi,all,oot1,revol_bal,0.10640896989581602,Amber
csi,all,oot1,revol_util,0.09078355763753096,Green
csi,all,oot1,total_acc,0.04357015105981509,Green
csi,all,oot1,initial_list_status,0.4751932718635465,Red
csi,all,oot1,credit_age_m,0.07286065542186441,Green
csi,all,oot1,loan_to_inc,0.05467813386564292,Green
csi,all,oot1,pti,0.07335072962960792,Green
csi,all,oot2,loan_amnt,0.09310179427573698,Green
csi,all,oot2,term_m,0.03929512614609326,Green
csi,all,oot2,int_rate,0.07051094887996638,Green
csi,all,oot2,installment,0.10972474172830263,Amber
csi,all,oot2,grade,0.08339005779300356,Green
csi,all,oot2,sub_grade,0.11466723854295184,Amber
csi,all,oot2,emp_years,0.0632633460339016,Green
csi,all,oot2,home_ownership,0.026376863873452602,Green
csi,all,oot2,annual_inc,0.025211606823823597,Green
csi,all,oot2,verification_status,0.14339153096295082,Amber
csi,all,oot2,purpose,0.24853908491828547,Amber
csi,all,oot2,addr_state,0.17392743489261053,Amber
csi,all,oot2,dti,0.14584710886673807,Amber
csi,all,oot2,delinq_2yrs,0.0569437620279965,Green
csi,all,oot2,inq_last_6mths,0.012404947765482108,Green
csi,all,oot2,mths_since_last_delinq,0.07444367708595165,Green
csi,all,oot2,mths_since_last_record,0.36467919921081493,Red
csi,all,oot2,open_acc,0.10087448257626015,Amber
csi,all,oot2,pub_rec,0.23272918896357764,Amber
csi,all,oot2,revol_bal,0.055457201623642566,Green
csi,all,oot2,revol_util,0.0764818838696106,Green
csi,all,oot2,total_acc,0.07457112981359029,Green
csi,all,oot2,initial_list_status,1.577533336531234,Red
csi,all,oot2,credit_age_m,0.13495865019761683,Amber
csi,all,oot2,loan_to_inc,0.04362839113092514,Green
csi,all,oot2,pti,0.044657248375423696,Green
