model,quarter,n,mean_pd,psi,light,period
sc_full,2010Q1,1953,0.047045510922109825,0.00652998718201598,Green,development
sc_full,2010Q2,2776,0.04822667694910897,0.0037706136289517057,Green,development
sc_full,2010Q3,3284,0.04911885795938697,0.004924480963670752,Green,development
sc_full,2010Q4,3523,0.04522776723686917,0.012447285581890552,Green,development
sc_full,2011Q1,4126,0.047091391728637765,0.006730952778839773,Green,development
sc_full,2011Q2,5102,0.047321408968420416,0.013949619081919194,Green,development
sc_full,2011Q3,5876,0.045926780662080995,0.01751260749523951,Green,development
sc_full,2011Q4,6617,0.04747580685847941,0.0017663327801330977,Green,development
sc_full,2012Q1,8076,0.04496374834733271,0.010512050931039242,Green,development
sc_full,2012Q2,10447,0.04609473821729399,0.002690775426878943,Green,development
sc_full,2012Q3,16133,0.04859077363487806,0.0038783701422043567,Green,development
sc_full,2012Q4,18711,0.048839718357184245,0.006090184213475105,Green,development
sc_full,2013Q1,22706,0.04826467699558404,0.0023406425926891746,Green,out_of_time
sc_full,2013Q2,30668,0.05017284614534892,0.007454228103400082,Green,out_of_time
sc_full,2013Q3,37571,0.050299552104397044,0.01055133444305064,Green,out_of_time
sc_full,2013Q4,43810,0.04760131700061913,0.0008956837709693502,Green,out_of_time
sc_full,2014Q1,47410,0.048713501180768226,0.004408024058198548,Green,out_of_time
sc_full,2014Q2,55349,0.050216775860415695,0.011367489610171418,Green,out_of_time
sc_full,2014Q3,58726,0.05069232105939695,0.01243954046776995,Green,out_of_time
sc_full,2014Q4,63836,0.04845087997930188,0.00618019073363219,Green,out_of_time
sc_indep,2010Q1,1953,0.04368792165619261,0.0294909441503233,Green,development
sc_indep,2010Q2,2776,0.046637038406693705,0.006333618176021099,Green,development
sc_indep,2010Q3,3284,0.0490134344312205,0.0056659258508837945,Green,development
sc_indep,2010Q4,3523,0.04797729189257396,0.008284961857070082,Green,development
sc_indep,2011Q1,4126,0.04800241117652783,0.004391467546190701,Green,development
sc_indep,2011Q2,5102,0.0474597233072168,0.012893487332503582,Green,development
sc_indep,2011Q3,5876,0.04761550175697467,0.010677628862372533,Green,development
sc_indep,2011Q4,6617,0.05121318907946089,0.012653956312964499,Green,development
sc_indep,2012Q1,8076,0.0483142247338754,0.0015353689456495284,Green,development
sc_indep,2012Q2,10447,0.04706964386631725,0.0014079026918649789,Green,development
sc_indep,2012Q3,16133,0.04787336345923605,0.00266699200860929,Green,development
sc_indep,2012Q4,18711,0.04718760966222484,0.004999070773492845,Green,development
sc_indep,2013Q1,22706,0.04540681436740139,0.007849783594013372,Green,out_of_time
sc_indep,2013Q2,30668,0.04502262718541663,0.00919060501521106,Green,out_of_time
sc_indep,2013Q3,37571,0.04535119936343837,0.00919328788330042,Green,out_of_time
sc_indep,2013Q4,43810,0.044316155443494466,0.013528672550701377,Green,out_of_time
sc_indep,2014Q1,47410,0.044527351908402464,0.011939929752925032,Green,out_of_time
sc_indep,2014Q2,55349,0.04533410867582707,0.00794787569389375,Green,out_of_time
sc_indep,2014Q3,58726,0.04539340179164731,0.006379366187097164,Green,out_of_time
sc_indep,2014Q4,63836,0.04443317659352379,0.013324468594110761,Green,out_of_time
xgb,2010Q1,1953,0.04383792636676561,0.02781725374909663,Green,development
xgb,2010Q2,2776,0.0442743050559745,0.017858083618102462,Green,development
xgb,2010Q3,3284,0.04670379794847852,0.00414115303411176,Green,development
xgb,2010Q4,3523,0.040180019573992566,0.09004522671445096,Green,development
xgb,2011Q1,4126,0.04243578778557632,0.048087820601159514,Green,development
xgb,2011Q2,5102,0.04618126297102388,0.021548845214551183,Green,development
xgb,2011Q3,5876,0.045196084462782636,0.03415680895253701,Green,development
xgb,2011Q4,6617,0.048316925734790454,0.0024275642974463563,Green,development
xgb,2012Q1,8076,0.04611923574077408,0.009892910862723973,Green,development
xgb,2012Q2,10447,0.0486467827278686,0.00110466952831699,Green,development
xgb,2012Q3,16133,0.05093625345786926,0.019024990111315948,Green,development
xgb,2012Q4,18711,0.050289707374181335,0.01412648631005581,Green,development
xgb,2013Q1,22706,0.05059459821018825,0.011304350638833617,Green,out_of_time
xgb,2013Q2,30668,0.05375168831883918,0.03412411040542779,Green,out_of_time
xgb,2013Q3,37571,0.05283412893331456,0.020638573699929007,Green,out_of_time
xgb,2013Q4,43810,0.05026829619348925,0.007049975596025826,Green,out_of_time
xgb,2014Q1,47410,0.050596670620789146,0.009249005570193453,Green,out_of_time
xgb,2014Q2,55349,0.050454338639868236,0.010442093946293335,Green,out_of_time
xgb,2014Q3,58726,0.049305356388813754,0.009749442000502529,Green,out_of_time
xgb,2014Q4,63836,0.046321830511262325,0.021931372072374226,Green,out_of_time
lgbm,2010Q1,1953,0.04539373917631334,0.010215288219616533,Green,development
lgbm,2010Q2,2776,0.04632111412167046,0.00698092479990772,Green,development
lgbm,2010Q3,3284,0.047936445009721995,0.006108493474124795,Green,development
lgbm,2010Q4,3523,0.04140523911637606,0.08246237386046629,Green,development
lgbm,2011Q1,4126,0.043424160747679255,0.05165997030274641,Green,development
lgbm,2011Q2,5102,0.046689480178462556,0.022115257942757517,Green,development
lgbm,2011Q3,5876,0.04594272665862639,0.03177794363817901,Green,development
lgbm,2011Q4,6617,0.04850026126393211,0.0024100436634976823,Green,development
lgbm,2012Q1,8076,0.045475448490233016,0.012510405623360428,Green,development
lgbm,2012Q2,10447,0.0475811308770211,0.0019861526673718836,Green,development
lgbm,2012Q3,16133,0.05002860268780021,0.01446577952115359,Green,development
lgbm,2012Q4,18711,0.04950664730727961,0.01408495625247937,Green,development
lgbm,2013Q1,22706,0.049200036700157226,0.0063928248726413395,Green,out_of_time
lgbm,2013Q2,30668,0.05222882328538515,0.025498968468840047,Green,out_of_time
lgbm,2013Q3,37571,0.051756188047228244,0.021419465092062707,Green,out_of_time
lgbm,2013Q4,43810,0.0492004419454387,0.0032143072588224388,Green,out_of_time
lgbm,2014Q1,47410,0.0498873813516271,0.010880450594446728,Green,out_of_time
lgbm,2014Q2,55349,0.0504319265150354,0.01732951386606363,Green,out_of_time
lgbm,2014Q3,58726,0.049809784712063834,0.021541808564484753,Green,out_of_time
lgbm,2014Q4,63836,0.04711586478185727,0.03144303860767502,Green,out_of_time
repro_original,2010Q1,1953,0.13228276994368185,0.07696793162884705,Green,development
repro_original,2010Q2,2776,0.14385018802508578,0.015680766383385416,Green,development
repro_original,2010Q3,3284,0.1544039615202483,0.013072036627269187,Green,development
repro_original,2010Q4,3523,0.1400914720066294,0.03815674248340092,Green,development
repro_original,2011Q1,4126,0.15113075382697702,0.022958466106432956,Green,development
repro_original,2011Q2,5102,0.15552342726121365,0.03079657733348175,Green,development
repro_original,2011Q3,5876,0.14746487460480565,0.02410918589994446,Green,development
repro_original,2011Q4,6617,0.1574016902332762,0.028083624199312526,Green,development
repro_original,2012Q1,8076,0.14981859218425675,0.010385436994299491,Green,development
repro_original,2012Q2,10447,0.1603498218719922,0.02692768094244514,Green,development
repro_original,2012Q3,16133,0.14675263589430373,0.006249437859854108,Green,development
repro_original,2012Q4,18711,0.1379125015705804,0.032412201161256975,Green,development
repro_original,2013Q1,22706,0.1372753430995318,0.04360346188347187,Green,out_of_time
repro_original,2013Q2,30668,0.14709678894708622,0.01676812343654331,Green,out_of_time
repro_original,2013Q3,37571,0.12636903324577473,0.07816266016557036,Green,out_of_time
repro_original,2013Q4,43810,0.10697377523965321,0.31794757936690576,Red,out_of_time
repro_original,2014Q1,47410,0.09679832534237383,0.552203716063667,Red,out_of_time
repro_original,2014Q2,55349,0.09695254664028682,0.5519819605255909,Red,out_of_time
repro_original,2014Q3,58726,0.0806117721087571,1.0648064545316567,Red,out_of_time
repro_original,2014Q4,63836,0.06634669335342769,1.808356708979073,Red,out_of_time
