default_year,n,any_recovery_share,mean_recovery_rate,mean_ccf
2007,1,1.0,0.042825999999999996,0.95104
2008,188,0.5053192,0.06798894560059833,0.8455625081226853
2009,405,0.5654321,0.0593983663374029,0.7523254502683273
2010,706,0.61331445,0.0596622087617284,0.7257601513692186
2011,1227,0.6813366,0.07113100332388168,0.7663473816874743
2012,2698,0.7424018,0.05171492635865854,0.777684742235562
2013,6554,0.74610925,0.06823434638237456,0.7686682635983064
2014,15090,0.7039099,0.08159911548087495,0.7490052277103983
2015,16348,0.32187423,0.03933796787057312,0.7004849288820353
2016,19,0.0,0.0,0.6445643506743052
