model,variable,bin_id,lo,hi,categories,woe,coef,points
sc_full,sub_grade,0,,,A1,1.3480555516756012,-0.8063614382730185,95.1011850129818
sc_full,sub_grade,1,,,A2|A3,1.0016081699975687,-0.8063614382730185,87.04050708451811
sc_full,sub_grade,2,,,A4|A5,0.685972860963701,-0.8063614382730185,79.6967235735849
sc_full,sub_grade,3,,,B1|B2|B3,0.3383634582505353,-0.8063614382730185,71.60900928172038
sc_full,sub_grade,4,,,B4|B5|C1,0.06971782013195167,-0.8063614382730185,65.35851907662203
sc_full,sub_grade,5,,,C2|G4,-0.13120763365762766,-0.8063614382730185,60.68365225331502
sc_full,sub_grade,6,,,C3|C4|D2,-0.32833714071494996,-0.8063614382730185,56.0971044812132
sc_full,sub_grade,7,,,C5|D1|D3|D4|D5|E1|E2,-0.44680440255483633,-0.8063614382730185,53.340765443137414
sc_full,sub_grade,8,,,E3|E4,-0.5537904174478825,-0.8063614382730185,50.85155682298363
sc_full,sub_grade,9,,,E5|F1|F2|F3|F4|F5|G1|G2|G3|G5,-0.8216208578636809,-0.8063614382730185,44.62003355623634
sc_full,sub_grade,10,,,,0.0,-0.8063614382730185,63.7364173559039
sc_full,home_ownership,0,,,MORTGAGE,0.16547350772984282,-0.3846940215048842,65.57316057369177
sc_full,home_ownership,1,,,OTHER|RENT,-0.11892821506496207,-0.3846940215048842,62.4163233093039
sc_full,home_ownership,2,,,OWN,-0.14519534991064267,-0.3846940215048842,62.12476013136432
sc_full,home_ownership,3,,,,0.0,-0.3846940215048842,63.7364173559039
sc_full,annual_inc,0,-inf,33000.0,,-0.341561775167828,-1.0089829337878669,53.792497459981526
sc_full,annual_inc,1,33000.0,40000.0,,-0.2078795297420249,-1.0089829337878669,57.68440117013191
sc_full,annual_inc,2,40000.0,52000.0,,-0.07134005904342948,-1.0089829337878669,61.65948754679494
sc_full,annual_inc,3,52000.0,60000.0,,-0.02544270585329275,-1.0089829337878669,62.99570148154605
sc_full,annual_inc,4,60000.0,77000.0,,0.02693988807596103,-1.0089829337878669,64.52072083629436
sc_full,annual_inc,5,77000.0,95000.0,,0.20484852518838215,-1.0089829337878669,69.70019162271177
sc_full,annual_inc,6,95000.0,122500.0,,0.43532799890113283,-1.0089829337878669,76.4101620903609
sc_full,annual_inc,7,122500.0,inf,,0.4355212197938608,-1.0089829337878669,76.41578734827672
sc_full,annual_inc,8,,,,0.0,-1.0089829337878669,63.7364173559039
sc_full,purpose,0,,,car,0.527401238655401,-0.9391738350897798,78.02837317224171
sc_full,purpose,1,,,credit_card,0.4225440815529359,-0.9391738350897798,75.18686703517629
sc_full,purpose,2,,,major_purchase,0.3174733784655665,-0.9391738350897798,72.33957405204887
sc_full,purpose,3,,,home_improvement,0.2993307599825922,-0.9391738350897798,71.84793034182096
sc_full,purpose,4,,,debt_consolidation|wedding,-0.01092784148090159,-0.9391738350897798,63.44028565167968
sc_full,purpose,5,,,medical|vacation,-0.2505757434831087,-0.9391738350897798,56.94610820980324
sc_full,purpose,6,,,educational|house|moving|other|renewable_energy,-0.3491803558853191,-0.9391738350897798,54.27403871043618
sc_full,purpose,7,,,small_business,-0.8428233332715875,-0.9391738350897798,40.896892233046614
sc_full,purpose,8,,,,0.0,-0.9391738350897798,63.7364173559039
sc_full,addr_state,0,,,DC|IL|WY,0.4454290705763749,-0.9915597566975459,76.4803064817294
sc_full,addr_state,1,,,AK|NH|NM|VA|WV,0.3781451824752707,-0.9915597566975459,74.55528975840375
sc_full,addr_state,2,,,AR|LA|MA|SD,0.225840849149488,-0.9915597566975459,70.19780690535376
sc_full,addr_state,3,,,AL|CO|KS|TX|VT,0.1608312476341311,-0.9915597566975459,68.33785835562445
sc_full,addr_state,4,,,CT|MT|NY,0.07366403613651967,-0.9915597566975459,65.84397245523738
sc_full,addr_state,5,,,GA|HI|MD|MI|MN|MO|OH|WI,-0.004388903409110817,-0.9915597566975459,63.61084921919183
sc_full,addr_state,6,,,IN|KY|NC|OK|PA|RI,-0.07623559371556769,-0.9915597566975459,61.55528905079457
sc_full,addr_state,7,,,AZ|CA|NJ|OR,-0.12054079458573112,-0.9915597566975459,60.28770099944403
sc_full,addr_state,8,,,FL|SC,-0.1677626663519059,-0.9915597566975459,58.93666592370598
sc_full,addr_state,9,,,DE|IA|ID|ME|MS|NE|NV|TN|UT|WA,-0.2615600179451995,-0.9915597566975459,56.2530892827511
sc_full,addr_state,10,,,,0.0,-0.9915597566975459,63.7364173559039
sc_full,dti,0,-inf,8.460000038146973,,0.17522579554571927,-0.4985819354155075,66.2572215581898
sc_full,dti,1,8.460000038146973,11.729999542236328,,0.14131733383965592,-0.4985819354155075,65.76941328489598
sc_full,dti,2,11.729999542236328,16.350000381469727,,0.09769126462760962,-0.4985819354155075,65.14180718240151
sc_full,dti,3,16.350000381469727,20.290000915527344,,-0.0869356347892989,-0.4985819354155075,62.48575838287571
sc_full,dti,4,20.290000915527344,24.639999389648438,,-0.13834371718198354,-0.4985819354155075,61.74619997640166
sc_full,dti,5,24.639999389648438,inf,,-0.27953127380382076,-0.4985819354155075,59.71507102684044
sc_full,dti,6,,,,0.0,-0.4985819354155075,63.7364173559039
sc_full,inq_last_6mths,0,-inf,0.0,,0.3135568839256419,-0.8226402893760366,71.17912311776138
sc_full,inq_last_6mths,1,0.0,1.0,,-0.10027154970590221,-0.8226402893760366,61.35633361670118
sc_full,inq_last_6mths,2,1.0,2.0,,-0.2782898634847565,-0.8226402893760366,57.13082303919387
sc_full,inq_last_6mths,3,2.0,inf,,-0.528480832596311,-0.8226402893760366,51.192194793950634
sc_full,inq_last_6mths,4,,,,0.0,-0.8226402893760366,63.7364173559039
sc_full,revol_util,0,-inf,14.600000381469727,,0.27657942853850015,-0.4023154981844951,66.94705410667768
sc_full,revol_util,1,14.600000381469727,31.0,,0.24986699580347493,-0.4023154981844951,66.63696626429969
sc_full,revol_util,2,31.0,65.80000305175781,,0.07897807756323899,-0.4023154981844951,64.65322421919778
sc_full,revol_util,3,65.80000305175781,71.80000305175781,,-0.020604191788672576,-0.4023154981844951,63.49723624353316
sc_full,revol_util,4,71.80000305175781,91.80000305175781,,-0.1553361625690592,-0.4023154981844951,61.93321747620291
sc_full,revol_util,5,91.80000305175781,inf,,-0.4983545352489974,-0.4023154981844951,57.95133278095876
sc_full,revol_util,6,,,,-1.4393551254866186,-0.4023154981844951,47.02784836463249
sc_full,loan_to_inc,0,-inf,0.06666667014360428,,0.2558573554341687,-0.366679426937954,66.44342190269215
sc_full,loan_to_inc,1,0.06666667014360428,0.12067300826311111,,0.19822158284245067,-0.366679426937954,65.83362783130937
sc_full,loan_to_inc,2,0.12067300826311111,0.1557001769542694,,0.16384118648283158,-0.366679426937954,65.46987870591119
sc_full,loan_to_inc,3,0.1557001769542694,0.19230769574642181,,0.09430562366586212,-0.366679426937954,64.73418328535311
sc_full,loan_to_inc,4,0.19230769574642181,0.2571428716182709,,0.045996105038934844,-0.366679426937954,64.22306221027465
sc_full,loan_to_inc,5,0.2571428716182709,0.3181818127632141,,-0.053575155011802614,-0.366679426937954,63.169585153774186
sc_full,loan_to_inc,6,0.3181818127632141,0.3733333349227905,,-0.3077939983925325,-0.366679426937954,60.47991628049471
sc_full,loan_to_inc,7,0.3733333349227905,inf,,-0.4671560955511147,-0.366679426937954,58.793844285957164
sc_full,loan_to_inc,8,,,,0.0,-0.366679426937954,63.7364173559039
sc_indep,term_m,0,-inf,36.0,,0.10499830702385982,-0.8216202745002871,66.2166443448106
sc_indep,term_m,1,36.0,inf,,-0.305567017258869,-0.8216202745002871,56.483392767130645
sc_indep,term_m,2,,,,0.0,-0.8216202745002871,63.72745473952883
sc_indep,home_ownership,0,,,MORTGAGE,0.16547350772984282,-0.6352058280102348,66.76028065123151
sc_indep,home_ownership,1,,,OTHER|RENT,-0.11892821506496207,-0.6352058280102348,61.54771867645802
sc_indep,home_ownership,2,,,OWN,-0.14519534991064267,-0.6352058280102348,61.06629026970526
sc_indep,home_ownership,3,,,,0.0,-0.6352058280102348,63.72745473952883
sc_indep,annual_inc,0,-inf,33000.0,,-0.341561775167828,-0.8926241284092445,54.93029620212267
sc_indep,annual_inc,1,33000.0,40000.0,,-0.2078795297420249,-0.8926241284092445,58.373374415629975
sc_indep,annual_inc,2,40000.0,52000.0,,-0.07134005904342948,-0.8926241284092445,61.89004243200526
sc_indep,annual_inc,3,52000.0,60000.0,,-0.02544270585329275,-0.8926241284092445,63.07216034394832
sc_indep,annual_inc,4,60000.0,77000.0,,0.02693988807596103,-0.8926241284092445,64.42131009341836
sc_indep,annual_inc,5,77000.0,95000.0,,0.20484852518838215,-0.8926241284092445,69.00346945560933
sc_indep,annual_inc,6,95000.0,122500.0,,0.43532799890113283,-0.8926241284092445,74.93962688678778
sc_indep,annual_inc,7,122500.0,inf,,0.4355212197938608,-0.8926241284092445,74.94460342382924
sc_indep,annual_inc,8,,,,0.0,-0.8926241284092445,63.72745473952883
sc_indep,purpose,0,,,car,0.527401238655401,-0.99861613592517,78.9239787044029
sc_indep,purpose,1,,,credit_card,0.4225440815529359,-0.99861613592517,75.90262762669462
sc_indep,purpose,2,,,major_purchase,0.3174733784655665,-0.99861613592517,72.87512344118274
sc_indep,purpose,3,,,home_improvement,0.2993307599825922,-0.99861613592517,72.35236255942033
sc_indep,purpose,4,,,debt_consolidation|wedding,-0.01092784148090159,-0.99861613592517,63.41258023265007
sc_indep,purpose,5,,,medical|vacation,-0.2505757434831087,-0.99861613592517,56.50737254828235
sc_indep,purpose,6,,,educational|house|moving|other|renewable_energy,-0.3491803558853191,-0.99861613592517,53.66618211187463
sc_indep,purpose,7,,,small_business,-0.8428233332715875,-0.99861613592517,39.44236770622867
sc_indep,purpose,8,,,,0.0,-0.99861613592517,63.72745473952883
sc_indep,addr_state,0,,,DC|IL|WY,0.4454290705763749,-0.9968758135142437,76.53966777442888
sc_indep,addr_state,1,,,AK|NH|NM|VA|WV,0.3781451824752707,-0.9968758135142437,74.6043304443973
sc_indep,addr_state,2,,,AR|LA|MA|SD,0.225840849149488,-0.9968758135142437,70.22348578559823
sc_indep,addr_state,3,,,AL|CO|KS|TX|VT,0.1608312476341311,-0.9968758135142437,68.35356547965381
sc_indep,addr_state,4,,,CT|MT|NY,0.07366403613651967,-0.9968758135142437,65.84630908994293
sc_indep,addr_state,5,,,GA|HI|MD|MI|MN|MO|OH|WI,-0.004388903409110817,-0.9968758135142437,63.6012133934165
sc_indep,addr_state,6,,,IN|KY|NC|OK|PA|RI,-0.07623559371556769,-0.9968758135142437,61.53463273475476
sc_indep,addr_state,7,,,AZ|CA|NJ|OR,-0.12054079458573112,-0.9968758135142437,60.260248754005474
sc_indep,addr_state,8,,,FL|SC,-0.1677626663519059,-0.9968758135142437,58.90197036370624
sc_indep,addr_state,9,,,DE|IA|ID|ME|MS|NE|NV|TN|UT|WA,-0.2615600179451995,-0.9968758135142437,56.20400624302669
sc_indep,addr_state,10,,,,0.0,-0.9968758135142437,63.72745473952883
sc_indep,dti,0,-inf,8.460000038146973,,0.17522579554571927,-0.5141861818155011,66.32715319590724
sc_indep,dti,1,8.460000038146973,11.729999542236328,,0.14131733383965592,-0.5141861818155011,65.8240778622734
sc_indep,dti,2,11.729999542236328,16.350000381469727,,0.09769126462760962,-0.5141861818155011,65.1768294110097
sc_indep,dti,3,16.350000381469727,20.290000915527344,,-0.0869356347892989,-0.5141861818155011,62.437653572627866
sc_indep,dti,4,20.290000915527344,24.639999389648438,,-0.13834371718198354,-0.5141861818155011,61.67494901748281
sc_indep,dti,5,24.639999389648438,inf,,-0.27953127380382076,-0.5141861818155011,59.58025130550203
sc_indep,dti,6,,,,0.0,-0.5141861818155011,63.72745473952883
sc_indep,inq_last_6mths,0,-inf,0.0,,0.3135568839256419,-1.0998859365979239,73.67849592171122
sc_indep,inq_last_6mths,1,0.0,1.0,,-0.10027154970590221,-1.0998859365979239,60.5452368655902
sc_indep,inq_last_6mths,2,1.0,2.0,,-0.2782898634847565,-1.0998859365979239,54.89564770837642
sc_indep,inq_last_6mths,3,2.0,inf,,-0.528480832596311,-1.0998859365979239,46.95558718133787
sc_indep,inq_last_6mths,4,,,,0.0,-1.0998859365979239,63.72745473952883
sc_indep,revol_util,0,-inf,14.600000381469727,,0.27657942853850015,-1.0906767595527362,72.43148653357377
sc_indep,revol_util,1,14.600000381469727,31.0,,0.24986699580347493,-1.0906767595527362,71.59083882144799
sc_indep,revol_util,2,31.0,65.80000305175781,,0.07897807756323899,-1.0906767595527362,66.21291687883357
sc_indep,revol_util,3,65.80000305175781,71.80000305175781,,-0.020604191788672576,-1.0906767595527362,63.07903507445515
sc_indep,revol_util,4,71.80000305175781,91.80000305175781,,-0.1553361625690592,-1.0906767595527362,58.83898235779557
sc_indep,revol_util,5,91.80000305175781,inf,,-0.4983545352489974,-1.0906767595527362,48.04409845220482
sc_indep,revol_util,6,,,,-1.4393551254866186,-1.0906767595527362,18.430547296489742
sc_indep,loan_to_inc,0,-inf,0.06666667014360428,,0.2558573554341687,-0.5247087878994008,67.60110831874579
sc_indep,loan_to_inc,1,0.06666667014360428,0.12067300826311111,,0.19822158284245067,-0.5247087878994008,66.72850875477396
sc_indep,loan_to_inc,2,0.12067300826311111,0.1557001769542694,,0.16384118648283158,-0.5247087878994008,66.20799315268253
sc_indep,loan_to_inc,3,0.1557001769542694,0.19230769574642181,,0.09430562366586212,-0.5247087878994008,65.15523201031965
sc_indep,loan_to_inc,4,0.19230769574642181,0.2571428716182709,,0.045996105038934844,-0.5247087878994008,64.42383095514228
sc_indep,loan_to_inc,5,0.2571428716182709,0.3181818127632141,,-0.053575155011802614,-0.5247087878994008,62.91633250066879
sc_indep,loan_to_inc,6,0.3181818127632141,0.3733333349227905,,-0.3077939983925325,-0.5247087878994008,59.067485822428445
sc_indep,loan_to_inc,7,0.3733333349227905,inf,,-0.4671560955511147,-0.5247087878994008,56.654760352791925
sc_indep,loan_to_inc,8,,,,0.0,-0.5247087878994008,63.72745473952883
