scenario,model,mean_pd,delta_pd_pct,el,delta_el_pct,spearman_rank,share_band_moved,group,gini_oot1,iv_sum,n_variables
shock_dti_pts,sc_full,0.05111507577250199,4.208819608589565,62608530.29355147,4.543765760584861,0.9985251802294649,0.1754517457608252,feature_shock,,,
shock_int_rate_pts,sc_full,0.04905062351199375,0.0,61256167.59516887,2.2855896222827576,1.0,0.0,feature_shock,,,
shock_income_pct,sc_full,0.051837995444334206,5.682643221974337,63891329.45391488,6.68578465657419,0.9938154858916997,0.22198805239137695,feature_shock,,,
shock_revol_util_pts,sc_full,0.050821513309593426,3.610330859844546,61854770.152789965,3.2851365733804316,0.9977096109776564,0.13632147230158437,feature_shock,,,
shock_inq_add,sc_full,0.060202142027590964,22.73471307224153,74566899.53159417,24.511858712756982,0.9878369865683528,0.7069793328633446,feature_shock,,,
shock_combined,sc_full,0.06855247998337302,39.75863113464955,87660758.30857278,46.375992856529116,0.9769945663973388,0.8215205372713443,feature_shock,,,
pd_x1.25,sc_full,0.06131327938999218,25.0,74859234.59669864,25.0,1.0,0.7848985195354532,pd_multiplier,,,
pd_x1.5,sc_full,0.07357593526799062,50.0,89831081.51603837,50.0,1.0,0.8595228377425699,pd_multiplier,,,
lgd_add_0.1,sc_full,0.04905062351199375,0.0,63987890.63064848,6.847022574069972,1.0,0.0,lgd_add,,,
shock_dti_pts,sc_indep,0.04694211750887639,4.433498796571134,59203697.226029605,4.756336317346088,0.9975714255133159,0.22033319728395978,feature_shock,,,
shock_int_rate_pts,sc_indep,0.04494929122341886,0.0,57852119.55429761,2.364824777139063,0.9999999999999998,0.0,feature_shock,,,
shock_income_pct,sc_indep,0.04770628197995395,6.133557797010769,60547758.057434745,7.1345473933892345,0.990913569032136,0.26893992801751326,feature_shock,,,
shock_revol_util_pts,sc_indep,0.04962239842630646,10.396397975799188,62300332.263035625,10.235591103583609,0.9755431917641805,0.32895254350487924,feature_shock,,,
shock_inq_add,sc_indep,0.05950759663787311,32.38828693002678,75717915.48137762,33.97696074846171,0.9654064059037164,0.8298244963081147,feature_shock,,,
shock_combined,sc_indep,0.07250360659680873,61.30088956560431,95441585.69888067,68.87646073794467,0.9236111387985696,0.8963674817260955,feature_shock,,,
pd_x1.25,sc_indep,0.05618661402927358,25.0,70644530.09157303,24.99999999999998,0.9999999999999998,0.8479907981150978,pd_multiplier,,,
pd_x1.5,sc_indep,0.06742393683512829,50.0,84773436.10988764,50.0,0.9999999999999998,0.9041371377685429,pd_multiplier,,,
lgd_add_0.1,sc_indep,0.04494929122341886,0.0,60320124.321492985,6.731767207069983,0.9999999999999998,0.0,lgd_add,,,
shock_dti_pts,xgb,0.05357749667831638,3.3687634481866846,65335704.017782114,3.753684358798459,0.9974569842926511,0.15390894586471746,feature_shock,,,
shock_int_rate_pts,xgb,0.059621496775887635,15.02964451020745,73107609.74731052,16.095540409027343,0.9914154224199487,0.6119550294979779,feature_shock,,,
shock_income_pct,xgb,0.055433736236289756,6.9500652944331165,68225057.82186948,8.342004131224634,0.99674161208241,0.24212830692738674,feature_shock,,,
shock_revol_util_pts,xgb,0.054314390449771516,4.790475970616193,65765585.1166758,4.436339401962774,0.9948966663436826,0.13866646877666877,feature_shock,,,
shock_inq_add,xgb,0.062254618218052234,20.109809212930795,76799017.65237299,21.95752929212236,0.992933775796389,0.6545137471707915,feature_shock,,,
shock_combined,xgb,0.08285558980012342,59.855917006200876,104404618.3296738,65.79547092397759,0.9732763878651288,0.8599458276130756,feature_shock,,,
pd_x1.25,xgb,0.06478927348440708,25.00000000000002,78714920.3683213,25.0,1.0,0.7674594634707432,pd_multiplier,,,
pd_x1.5,xgb,0.07774712818128848,50.0,94457904.44198555,49.99999999999998,1.0,0.8445475121516827,pd_multiplier,,,
lgd_add_0.1,xgb,0.05183141878752565,0.0,67286534.33036089,6.85162040359546,1.0,0.0,lgd_add,,,
shock_dti_pts,lgbm,0.05212259050568793,3.004695987590611,63707361.099659145,3.3854386437899953,0.9979727752261762,0.1355051760602575,feature_shock,,,
shock_int_rate_pts,lgbm,0.05594092417318874,10.550489371693072,68895021.18939686,11.804065701241374,0.9827483911765738,0.4528217876887685,feature_shock,,,
shock_income_pct,lgbm,0.053392786644020925,5.514858391343802,65784027.60274392,6.7554899790262635,0.9955886912154992,0.21200697562242588,feature_shock,,,
shock_revol_util_pts,lgbm,0.052129574254677485,3.0184972767157925,63129729.445464,2.4480477220394814,0.997881035663407,0.06441319431560981,feature_shock,,,
shock_inq_add,lgbm,0.059349791056003,17.28709423955994,73341049.4487018,19.019159434159903,0.9882635759398125,0.5214574598345145,feature_shock,,,
shock_combined,lgbm,0.07454577212575701,47.317401542731766,94171718.58766633,52.82353979150341,0.9586629768061996,0.8342399168862009,feature_shock,,,
pd_x1.25,lgbm,0.06325268717841678,25.0,77026515.93804239,25.0,1.0,0.7981373603947906,pd_multiplier,,,
pd_x1.5,lgbm,0.07590322461410014,49.99999999999998,92431819.12565085,49.99999999999998,1.0,0.8629067567066158,pd_multiplier,,,
lgd_add_0.1,lgbm,0.05060214974273343,0.0,65846209.98207373,6.856400650131755,1.0,0.0,lgd_add,,,
baseline,sc_full,0.04905062351199375,0.0,59887387.67735892,0.0,1.0,0.0,baseline,0.3529683838462807,0.6499320058284281,9.0
binning_min_share_3%,sc_full,0.04907954134940278,0.058955086273182467,59937014.25258835,0.08286648851139056,0.9994855116803361,0.05114466995658788,binning,0.35325636670257454,0.6508269354213456,9.0
binning_min_share_5%,sc_full,0.04905062351199375,0.0,59887387.67735892,0.0,1.0,0.0,binning,0.3529683838462807,0.6499320058284281,9.0
binning_min_share_10%,sc_full,0.04899978397387534,-0.10364707821904906,59571984.60830225,-0.5266602556716737,0.9964006666228259,0.1665392749805202,binning,0.35161827908407606,0.635468222964084,9.0
binning_max_bins_5,sc_full,0.04904504834675998,-0.01136614549334114,60061502.10326491,0.2907363848362099,0.9989870955052466,0.08864977180809618,binning,0.3516162904466549,0.648765495240043,9.0
binning_max_bins_8,sc_full,0.04905062351199375,0.0,59887387.67735892,0.0,1.0,0.0,binning,0.3529683838462807,0.6499320058284281,9.0
binning_max_bins_12,sc_full,0.04905062351199375,0.0,59887387.67735892,0.0,1.0,0.0,binning,0.3529683838462807,0.6499320058284281,9.0
target_in_grace_bad,sc_full,0.04905062351199375,0.0,59887387.67735892,0.0,1.0,0.0,target_definition,0.3529683838462807,0.6499320058284281,9.0
target_24m_window,sc_full,0.11611361330733568,136.72199249198908,127244071.63665816,112.47223592750592,0.9542531293817824,0.8895477512840857,target_definition,0.3278322653820671,0.6093649253872273,8.0
population_dnmcp_included,sc_full,0.0493310844175769,0.5717784719180496,60227708.55585928,0.5682680305473253,0.9759304902845654,0.41516826833883713,target_definition,0.34957945056614914,0.6480452947797093,7.0
