variable,mean_abs_shap,shap_rank,iv,points_range,iv_rank,points_rank,rank_gap_shap_vs_iv,in_scorecard
int_rate,0.22702429941898372,1.0,,,,,,False
sub_grade,0.158751451764833,2.0,0.2439858378175302,50.48115145674546,1.0,1.0,-1.0,True
annual_inc,0.12831169069408604,3.0,0.0552648622336449,22.623289888295197,4.0,3.0,1.0,True
inq_last_6mths,0.11647911092707114,4.0,0.0880372232175415,19.986928323810737,3.0,5.0,-1.0,True
purpose,0.09288797204622788,5.0,0.09090743229840964,37.13148093919511,2.0,2.0,-3.0,True
addr_state,0.08313032414607524,6.0,0.029657114375519034,20.227217198978302,7.0,4.0,1.0,True
dti,0.03930486460567634,7.0,0.0238626639163989,6.542150531349357,8.0,8.0,1.0,True
mths_since_last_delinq,0.029874568983880072,8.0,,,,,,False
pti,0.025813178701003064,9.0,,,,,,False
loan_to_inc,0.025583640400827067,10.0,0.0528376986373053,7.64957761673498,5.0,7.0,-5.0,True
revol_bal,0.014235071330590182,11.0,,,,,,False
revol_util,0.013701839709241648,12.0,0.045055508664530085,19.919205742045193,6.0,6.0,-6.0,True
mths_since_last_record,0.009094185387556615,13.0,,,,,,False
home_ownership,0.00896153911083431,14.0,0.0203236646675462,3.448400442327447,9.0,9.0,-5.0,True
loan_amnt,0.00887472628850335,15.0,,,,,,False
installment,0.008856633429731633,16.0,,,,,,False
credit_age_m,0.007380745667173718,17.0,,,,,,False
emp_years,0.007253949008446009,18.0,,,,,,False
total_acc,0.006644482830683313,19.0,,,,,,False
open_acc,0.0028905556327182874,20.0,,,,,,False
verification_status,0.0025560090441182617,21.0,,,,,,False
term_m,0.00017041350136801837,22.0,,,,,,False
delinq_2yrs,0.00016031474748150844,23.0,,,,,,False
grade,0.0,24.0,,,,,,False
initial_list_status,0.0,24.0,,,,,,False
pub_rec,0.0,24.0,,,,,,False
