feature,mean_abs_shap,rank
int_rate,0.22702429941898372,1
sub_grade,0.158751451764833,2
annual_inc,0.12831169069408604,3
inq_last_6mths,0.11647911092707114,4
purpose,0.09288797204622788,5
addr_state,0.08313032414607524,6
dti,0.03930486460567634,7
mths_since_last_delinq,0.029874568983880072,8
pti,0.025813178701003064,9
loan_to_inc,0.025583640400827067,10
revol_bal,0.014235071330590182,11
revol_util,0.013701839709241648,12
mths_since_last_record,0.009094185387556615,13
home_ownership,0.00896153911083431,14
loan_amnt,0.00887472628850335,15
installment,0.008856633429731633,16
credit_age_m,0.007380745667173718,17
emp_years,0.007253949008446009,18
total_acc,0.006644482830683313,19
open_acc,0.0028905556327182874,20
verification_status,0.0025560090441182617,21
term_m,0.00017041350136801837,22
delinq_2yrs,0.00016031474748150844,23
grade,0.0,24
pub_rec,0.0,25
initial_list_status,0.0,26
